-- phpMyAdmin SQL Dump
-- version 4.6.5.2
-- https://www.phpmyadmin.net/
--
-- Host: localhost
-- Generation Time: 2017 年 4 月 16 日 06:14
-- サーバのバージョン： 5.6.35
-- PHP Version: 7.1.3

SET SQL_MODE = "NO_AUTO_VALUE_ON_ZERO";
SET time_zone = "+00:00";


/*!40101 SET @OLD_CHARACTER_SET_CLIENT=@@CHARACTER_SET_CLIENT */;
/*!40101 SET @OLD_CHARACTER_SET_RESULTS=@@CHARACTER_SET_RESULTS */;
/*!40101 SET @OLD_COLLATION_CONNECTION=@@COLLATION_CONNECTION */;
/*!40101 SET NAMES utf8mb4 */;

-- --------------------------------------------------------

--
-- テーブルの構造 `accounts`
--

CREATE TABLE `accounts` (
  `id` tinyint(4) NOT NULL,
  `name` varchar(128) NOT NULL,
  `description` varchar(256) NOT NULL COMMENT 'Ghi chú cho tài khoản'
) ENGINE=InnoDB DEFAULT CHARSET=utf8 COMMENT='Phân loại các tài khoản ngân hàng';

--
-- テーブルのデータのダンプ `accounts`
--

INSERT INTO `accounts` (`id`, `name`, `description`) VALUES
(1, 'Tiền mặt', ''),
(2, 'Yucho', '');

-- --------------------------------------------------------

--
-- テーブルの構造 `categories`
--

CREATE TABLE `categories` (
  `id` tinyint(4) NOT NULL,
  `name` varchar(128) NOT NULL,
  `order_no` tinyint(3) UNSIGNED NOT NULL,
  `inout_type_id` tinyint(1) UNSIGNED NOT NULL DEFAULT '0' COMMENT 'id quy định loại thu, chi, mượn, cho mượn',
  `month_estimated_inout` int(11) NOT NULL DEFAULT '0' COMMENT 'Dự định thu chi trong tháng',
  `month_fixed_money` tinyint(1) NOT NULL DEFAULT '0' COMMENT 'Có phải là tiền cố định hàng tháng không',
  `restrict_delete` tinyint(1) NOT NULL DEFAULT '0' COMMENT 'không cho delete'
) ENGINE=InnoDB DEFAULT CHARSET=utf8;

--
-- テーブルのデータのダンプ `categories`
--

INSERT INTO `categories` (`id`, `name`, `order_no`, `inout_type_id`, `month_estimated_inout`, `month_fixed_money`, `restrict_delete`) VALUES
(1, 'Rút tiền từ tài khoản*', 1, 2, 0, 0, 1),
(2, 'Rút tiền từ tài khoản*', 1, 1, 0, 0, 1),
(3, 'Nạp tiền vô tài khoản*', 2, 1, 0, 0, 1),
(4, 'Nạp tiền vô tài khoản*', 2, 2, 0, 0, 1),
(5, 'Chuyển tiền qua tay*', 3, 2, 0, 0, 1),
(6, 'Chuyển tiền qua tay*', 3, 1, 0, 0, 1),
(21, 'Ăn uống', 0, 2, 75000, 0, 0),
(22, 'Đi lại', 11, 2, 0, 0, 0),
(23, 'Giải trí', 5, 2, 0, 0, 0),
(24, 'Góp tiền hàng tháng', 0, 1, 0, 0, 0),
(25, 'Điện, nước, gas, internet', 9, 2, 0, 1, 0),
(26, 'Khác', 1, 1, 0, 0, 0),
(27, 'Đồ gia dụng lặt vặt', 3, 2, 0, 0, 0),
(28, 'Trả thẻ credit', 1, 2, 0, 1, 0),
(29, 'Thời trang', 4, 2, 0, 0, 0),
(30, 'Điện thoại', 2, 2, 0, 1, 0),
(31, 'Bảo hiểm, thuế', 7, 2, 0, 1, 0),
(32, 'Khác', 12, 2, 0, 0, 0),
(36, 'Ngoại giao', 10, 2, 0, 0, 0),
(37, 'Nhà ở', 8, 2, 0, 1, 0),
(38, 'Y tế', 6, 2, 0, 0, 0);

-- --------------------------------------------------------

--
-- テーブルの構造 `inout_records`
--

CREATE TABLE `inout_records` (
  `id` int(11) NOT NULL,
  `account_id` tinyint(4) NOT NULL,
  `category_id` tinyint(4) NOT NULL,
  `pair_id` varchar(32) NOT NULL COMMENT 'Chứa unique string có chiều dài 32 ký tự',
  `player` tinyint(4) NOT NULL COMMENT 'id người phụ trách',
  `cash_flow` varchar(24) NOT NULL,
  `amount` int(11) NOT NULL,
  `memo` varchar(128) NOT NULL,
  `date` date NOT NULL,
  `created_on` datetime NOT NULL,
  `created_by` tinyint(4) NOT NULL,
  `modified_on` datetime DEFAULT NULL,
  `modified_by` tinyint(4) DEFAULT NULL
) ENGINE=InnoDB DEFAULT CHARSET=utf8 COMMENT='ghi chép thu chi';

--
-- テーブルのデータのダンプ `inout_records`
--

INSERT INTO `inout_records` (`id`, `account_id`, `category_id`, `pair_id`, `player`, `cash_flow`, `amount`, `memo`, `date`, `created_on`, `created_by`, `modified_on`, `modified_by`) VALUES
(12, 2, 26, '', 2, 'income', 274848, 'Khởi tạo', '2016-06-26', '2016-06-26 23:26:28', 2, '2016-06-26 23:26:28', 2),
(13, 1, 32, '', 1, 'outgo', -1594, 'Khởi tạo', '2016-06-26', '2016-06-26 23:32:05', 1, '2016-06-26 23:32:05', 1),
(14, 1, 21, '', 1, 'outgo', -500, '', '2016-06-27', '2016-06-27 12:42:11', 1, '2016-06-27 12:42:11', 1),
(15, 1, 26, '', 2, 'income', 182, 'Khởi tạo', '2016-06-26', '2016-06-27 18:55:33', 1, '2016-06-27 18:55:33', 1),
(16, 2, 28, '', 1, 'outgo', -69492, '', '2016-06-27', '2016-06-27 21:18:00', 1, '2016-06-27 21:18:00', 1),
(17, 1, 21, '', 1, 'outgo', -350, '', '2016-06-28', '2016-06-28 12:08:15', 1, '2016-06-28 12:08:15', 1),
(27, 1, 21, '', 2, 'outgo', -1125, '', '2016-06-25', '2016-06-28 23:52:36', 2, '2016-06-28 23:52:36', 2),
(28, 1, 21, '', 2, 'outgo', -1282, '', '2016-06-28', '2016-06-28 23:53:01', 2, '2016-06-28 23:53:01', 2),
(31, 1, 5, '4d89006fc4955c2e1841f0f9656b9067', 2, 'handover', -10000, '', '2016-06-28', '2016-06-28 23:53:41', 2, '2016-06-28 23:53:41', 2),
(32, 1, 6, '4d89006fc4955c2e1841f0f9656b9067', 1, 'handover', 10000, '', '2016-06-28', '2016-06-28 23:53:41', 2, '2016-06-28 23:53:41', 2),
(33, 1, 21, '', 1, 'outgo', -450, '', '2016-06-29', '2016-06-29 12:13:35', 1, '2016-06-29 12:13:35', 1),
(34, 1, 21, '', 1, 'outgo', -458, '', '2016-06-30', '2016-06-30 12:42:39', 1, '2016-06-30 12:42:39', 1),
(35, 1, 21, '', 2, 'outgo', -855, '', '2016-06-29', '2016-06-30 23:18:24', 2, '2016-06-30 23:18:24', 2),
(36, 1, 21, '', 2, 'outgo', -852, '', '2016-06-30', '2016-06-30 23:18:44', 2, '2016-06-30 23:18:44', 2),
(37, 1, 21, '', 2, 'outgo', -626, '', '2016-06-29', '2016-06-30 23:19:02', 2, '2016-06-30 23:19:02', 2),
(38, 1, 31, '', 2, 'outgo', -4620, '', '2016-06-30', '2016-06-30 23:19:30', 2, '2016-06-30 23:19:30', 2),
(39, 1, 25, '', 2, 'outgo', -1414, 'Internet Yahoo', '2016-06-30', '2016-06-30 23:19:52', 2, '2017-02-28 23:55:20', 1),
(41, 1, 21, '', 1, 'outgo', -480, '', '2016-07-01', '2016-07-01 12:10:53', 1, '2016-07-01 12:10:53', 1),
(42, 2, 24, '', 1, 'income', 120000, '', '2016-07-02', '2016-07-01 19:04:59', 1, '2016-07-01 19:04:59', 1),
(43, 2, 1, '6a8e2de7d91f0579f758503b1201a6bf', 2, 'drawer', -10000, '', '2016-07-02', '2016-07-02 10:37:08', 1, '2016-07-02 10:37:08', 1),
(44, 1, 2, '6a8e2de7d91f0579f758503b1201a6bf', 2, 'drawer', 10000, '', '2016-07-02', '2016-07-02 10:37:08', 1, '2016-07-02 10:37:08', 1),
(45, 2, 1, '5164f16503d3789513e4b1990f6833a7', 1, 'drawer', -10000, '', '2016-07-02', '2016-07-02 10:37:28', 1, '2016-07-02 10:37:28', 1),
(46, 1, 2, '5164f16503d3789513e4b1990f6833a7', 1, 'drawer', 10000, '', '2016-07-02', '2016-07-02 10:37:28', 1, '2016-07-02 10:37:28', 1),
(47, 1, 32, '', 1, 'outgo', -540, 'Daiso', '2016-07-02', '2016-07-02 11:09:30', 1, '2016-07-02 11:09:30', 1),
(48, 1, 21, '', 1, 'outgo', -1921, '', '2016-07-02', '2016-07-02 12:17:02', 1, '2016-07-02 12:17:02', 1),
(49, 2, 25, '', 1, 'outgo', -3421, 'Gas', '2016-06-30', '2016-07-02 12:18:59', 1, '2016-07-02 12:18:59', 1),
(50, 2, 25, '', 1, 'outgo', -5022, 'Internet NTT', '2016-06-30', '2016-07-02 12:19:27', 1, '2017-02-28 23:55:33', 1),
(51, 1, 32, '', 1, 'outgo', -494, 'Đất trồng cây', '2016-07-03', '2016-07-03 13:07:24', 1, '2016-07-03 13:07:24', 1),
(53, 1, 21, '', 1, 'outgo', -762, 'Nước uống', '2016-07-03', '2016-07-03 19:06:27', 1, '2016-07-03 19:06:27', 1),
(54, 1, 21, '', 1, 'outgo', -1, '', '2016-07-03', '2016-07-03 19:37:56', 1, '2016-07-03 19:37:56', 1),
(55, 1, 21, '', 1, 'outgo', -246, '', '2016-07-03', '2016-07-03 20:03:30', 1, '2016-07-03 20:03:30', 1),
(56, 1, 21, '', 2, 'outgo', -90, '', '2016-07-02', '2016-07-03 22:18:04', 2, '2016-07-03 22:18:04', 2),
(57, 1, 21, '', 2, 'outgo', -800, '', '2016-07-03', '2016-07-03 22:18:34', 2, '2016-07-03 22:18:34', 2),
(58, 1, 21, '', 2, 'outgo', -1452, '', '2016-07-02', '2016-07-03 22:18:58', 2, '2016-07-03 22:18:58', 2),
(59, 1, 21, '', 2, 'outgo', -1285, '', '2016-07-02', '2016-07-03 22:19:23', 2, '2016-07-03 22:19:23', 2),
(60, 1, 21, '', 2, 'outgo', -950, '', '2016-07-02', '2016-07-03 22:19:45', 2, '2016-07-03 22:19:45', 2),
(61, 1, 21, '', 2, 'outgo', -98, '', '2016-07-03', '2016-07-03 22:20:01', 2, '2016-07-03 22:20:01', 2),
(62, 1, 21, '', 2, 'outgo', -2299, '', '2016-07-02', '2016-07-03 22:20:21', 2, '2016-07-03 22:20:21', 2),
(63, 1, 21, '', 1, 'outgo', -500, '', '2016-07-04', '2016-07-04 18:14:52', 1, '2016-07-04 18:14:52', 1),
(64, 1, 21, '', 1, 'outgo', -450, '', '2016-07-05', '2016-07-05 19:33:04', 1, '2016-07-05 19:33:04', 1),
(65, 1, 27, '', 1, 'outgo', -210, 'Giấy vệ sinh', '2016-07-05', '2016-07-05 19:33:48', 1, '2016-07-05 19:33:48', 1),
(66, 1, 21, '', 1, 'outgo', -484, '', '2016-07-05', '2016-07-05 19:34:04', 1, '2016-07-05 19:34:04', 1),
(67, 1, 21, '', 1, 'outgo', -399, '', '2016-07-05', '2016-07-05 19:57:28', 1, '2016-07-05 19:57:28', 1),
(68, 1, 21, '', 2, 'outgo', -451, '', '2016-07-05', '2016-07-05 20:06:56', 1, '2016-07-05 20:06:56', 1),
(69, 1, 21, '', 2, 'outgo', -1035, '', '2016-07-05', '2016-07-05 20:07:10', 1, '2016-07-05 20:07:10', 1),
(70, 1, 21, '', 1, 'outgo', -630, '', '2016-07-06', '2016-07-06 18:35:34', 1, '2016-07-06 18:35:34', 1),
(71, 1, 21, '', 1, 'outgo', -338, '', '2016-07-06', '2016-07-06 19:58:21', 1, '2016-07-06 19:58:21', 1),
(72, 2, 25, '', 1, 'outgo', -2575, 'Điện', '2016-07-06', '2016-07-06 22:34:47', 1, '2016-07-06 22:34:47', 1),
(73, 1, 21, '', 2, 'outgo', -2527, '', '2016-07-06', '2016-07-06 22:35:29', 1, '2016-07-06 22:35:29', 1),
(74, 1, 21, '', 2, 'outgo', -316, '', '2016-07-06', '2016-07-07 09:17:12', 2, '2016-07-07 09:17:12', 2),
(75, 1, 21, '', 1, 'outgo', -520, '', '2016-07-07', '2016-07-07 12:35:16', 1, '2016-07-07 12:35:16', 1),
(76, 2, 24, '', 2, 'income', 70000, '', '2016-07-08', '2016-07-08 12:24:25', 2, '2016-07-08 12:24:25', 2),
(77, 2, 1, '2aa18665588b84adb7fad71752853c00', 2, 'drawer', -10000, '', '2016-07-08', '2016-07-08 12:25:45', 2, '2016-07-08 12:25:45', 2),
(78, 1, 2, '2aa18665588b84adb7fad71752853c00', 2, 'drawer', 10000, '', '2016-07-08', '2016-07-08 12:25:45', 2, '2016-07-08 12:25:45', 2),
(79, 1, 21, '', 2, 'outgo', -678, '', '2016-07-07', '2016-07-08 12:27:10', 2, '2016-07-08 12:27:10', 2),
(80, 1, 21, '', 2, 'outgo', -216, '', '2016-07-07', '2016-07-08 12:27:27', 2, '2016-07-08 12:27:27', 2),
(81, 1, 21, '', 1, 'outgo', -880, '', '2016-07-08', '2016-07-08 19:35:11', 1, '2016-07-08 19:35:11', 1),
(82, 1, 21, '', 2, 'outgo', -183, '', '2016-07-08', '2016-07-09 02:24:56', 2, '2016-07-09 02:24:56', 2),
(83, 1, 21, '', 2, 'outgo', -18, '', '2016-07-08', '2016-07-09 02:25:11', 2, '2016-07-09 02:25:11', 2),
(84, 2, 25, '', 1, 'outgo', -5883, 'Nước', '2016-07-07', '2016-07-09 08:43:16', 1, '2016-07-09 08:43:16', 1),
(86, 1, 23, '', 2, 'outgo', -1530, 'nhà Khanh Bông', '2016-07-09', '2016-07-09 17:24:20', 2, '2016-07-09 17:24:20', 2),
(87, 1, 23, '', 1, 'outgo', -500, 'nhà Khanh Bông', '2016-07-09', '2016-07-09 22:14:14', 1, '2016-07-09 22:14:14', 1),
(88, 1, 21, '', 1, 'outgo', -1348, '', '2016-07-09', '2016-07-09 23:25:55', 1, '2016-07-09 23:25:55', 1),
(96, 1, 21, '', 2, 'outgo', -1103, '', '2016-07-10', '2016-07-10 20:00:09', 2, '2016-07-10 20:00:09', 2),
(97, 2, 28, '', 1, 'outgo', -29252, '', '2016-07-26', '2016-07-10 23:22:36', 1, '2016-07-10 23:22:36', 1),
(98, 1, 21, '', 1, 'outgo', -580, '', '2016-07-11', '2016-07-11 12:47:31', 1, '2016-07-11 12:47:31', 1),
(99, 1, 21, '', 2, 'outgo', -2341, '', '2016-07-11', '2016-07-11 18:50:55', 2, '2016-07-11 18:50:55', 2),
(101, 1, 21, '', 1, 'outgo', -480, '', '2016-07-12', '2016-07-12 12:13:17', 1, '2016-07-12 12:13:17', 1),
(102, 2, 1, '76c77186fb08e61d45d28fdcead1bd00', 2, 'drawer', -10000, '', '2016-07-12', '2016-07-12 12:37:48', 2, '2016-07-12 12:37:48', 2),
(103, 1, 2, '76c77186fb08e61d45d28fdcead1bd00', 2, 'drawer', 10000, '', '2016-07-12', '2016-07-12 12:37:48', 2, '2016-07-12 12:37:48', 2),
(104, 1, 21, '', 1, 'outgo', -480, '', '2016-07-13', '2016-07-13 12:19:53', 1, '2016-07-13 12:19:53', 1),
(105, 1, 21, '', 2, 'outgo', -893, '', '2016-07-13', '2016-07-13 19:45:44', 2, '2016-07-13 19:45:44', 2),
(106, 1, 21, '', 1, 'outgo', -500, '', '2016-07-14', '2016-07-14 12:52:33', 1, '2016-07-14 12:52:33', 1),
(107, 1, 21, '', 1, 'outgo', -108, '', '2016-07-14', '2016-07-14 20:24:51', 2, '2016-07-14 20:24:51', 2),
(108, 1, 21, '', 2, 'outgo', -1417, '', '2016-07-15', '2016-07-15 10:23:39', 2, '2016-07-15 10:23:39', 2),
(109, 1, 21, '', 2, 'outgo', -3290, '', '2016-07-15', '2016-07-15 12:18:42', 2, '2016-07-15 12:18:42', 2),
(110, 1, 21, '', 1, 'outgo', -690, '', '2016-07-15', '2016-07-15 13:48:29', 1, '2016-07-15 13:48:29', 1),
(111, 1, 25, '', 2, 'outgo', -1414, 'Internet Yahoo', '2016-07-16', '2016-07-16 13:41:13', 2, '2017-02-28 23:55:44', 1),
(112, 1, 21, '', 2, 'outgo', -246, '', '2016-07-16', '2016-07-16 13:41:24', 2, '2016-07-16 13:41:24', 2),
(113, 1, 21, '', 2, 'outgo', -2751, '', '2016-07-16', '2016-07-16 14:27:18', 2, '2016-07-16 14:27:18', 2),
(115, 2, 24, '', 1, 'income', 928, 'Công ty trả tiền đi lại', '2016-07-13', '2016-07-17 09:57:45', 1, '2016-07-17 09:57:45', 1),
(117, 1, 21, '', 2, 'outgo', -1775, '外食', '2016-07-17', '2016-07-18 00:21:44', 2, '2016-07-18 00:21:44', 2),
(118, 1, 21, '', 2, 'outgo', -1032, '', '2016-07-17', '2016-07-18 00:22:06', 2, '2016-07-18 00:22:06', 2),
(119, 1, 21, '', 2, 'outgo', -968, '', '2016-07-18', '2016-07-19 12:41:36', 2, '2016-07-19 12:41:36', 2),
(120, 1, 27, '', 2, 'outgo', -648, '', '2016-07-18', '2016-07-19 12:42:07', 2, '2016-07-19 12:42:07', 2),
(121, 1, 21, '', 2, 'outgo', -1547, '', '2016-07-19', '2016-07-19 23:34:03', 2, '2016-07-19 23:34:03', 2),
(122, 1, 21, '', 2, 'outgo', -646, '', '2016-07-20', '2016-07-21 11:57:47', 2, '2016-07-21 11:57:47', 2),
(123, 1, 21, '', 2, 'outgo', -900, '', '2016-07-22', '2016-07-22 22:00:37', 2, '2016-07-22 22:00:37', 2),
(124, 1, 32, '', 1, 'outgo', -480, 'In ảnh', '2016-07-23', '2016-07-23 11:30:43', 1, '2016-07-23 11:30:43', 1),
(125, 1, 32, '', 1, 'outgo', -432, 'Khung ảnh', '2016-07-23', '2016-07-23 11:31:19', 1, '2016-07-23 11:31:19', 1),
(126, 1, 5, '099f95a2d2142d460795bcf0bee7cbf6', 1, 'handover', -3000, '', '2016-07-23', '2016-07-23 17:06:34', 1, '2016-07-23 17:06:34', 1),
(127, 1, 6, '099f95a2d2142d460795bcf0bee7cbf6', 2, 'handover', 3000, '', '2016-07-23', '2016-07-23 17:06:34', 1, '2016-07-23 17:06:34', 1),
(128, 1, 21, '', 1, 'outgo', -278, 'Bánh mỳ', '2016-07-24', '2016-07-24 19:08:49', 1, '2016-07-24 19:08:49', 1),
(129, 2, 1, 'f8483d7859eca4ebe4a0ec29ea1c8fc5', 2, 'drawer', -20000, '', '2016-06-28', '2016-07-24 22:32:36', 1, '2016-07-24 22:32:36', 1),
(130, 1, 2, 'f8483d7859eca4ebe4a0ec29ea1c8fc5', 2, 'drawer', 20000, '', '2016-06-28', '2016-07-24 22:32:36', 1, '2016-07-24 22:32:36', 1),
(137, 1, 21, '', 1, 'outgo', -690, '', '2016-07-25', '2016-07-25 12:41:50', 1, '2016-07-25 12:41:50', 1),
(138, 1, 21, '', 2, 'outgo', -506, '', '2016-07-24', '2016-07-25 12:42:06', 2, '2016-07-25 12:42:06', 2),
(139, 1, 21, '', 2, 'outgo', -131, '', '2016-07-23', '2016-07-25 12:42:27', 2, '2016-07-25 12:42:27', 2),
(140, 1, 21, '', 2, 'outgo', -4780, '', '2016-07-23', '2016-07-25 12:43:19', 2, '2016-07-25 12:43:19', 2),
(141, 2, 1, 'ae0627ae44e48c732a3e0013ca6d68e7', 2, 'drawer', -30000, '', '2016-07-25', '2016-07-25 18:21:22', 2, '2016-07-25 18:21:22', 2),
(142, 1, 2, 'ae0627ae44e48c732a3e0013ca6d68e7', 2, 'drawer', 30000, '', '2016-07-25', '2016-07-25 18:21:22', 2, '2016-07-25 18:21:22', 2),
(143, 1, 21, '', 1, 'outgo', -600, '', '2016-07-25', '2016-07-25 23:04:35', 1, '2016-07-25 23:04:35', 1),
(144, 1, 21, '', 2, 'outgo', -2860, '', '2016-07-25', '2016-07-26 01:29:05', 2, '2016-07-26 01:29:05', 2),
(148, 1, 21, '', 2, 'outgo', -346, '', '2016-07-27', '2016-07-27 19:23:04', 2, '2016-07-27 19:23:04', 2),
(149, 1, 21, '', 1, 'outgo', -418, '', '2016-07-27', '2016-07-27 20:28:36', 1, '2016-07-27 20:28:36', 1),
(150, 1, 32, '', 2, 'outgo', -21000, 'Thuế 市民税', '2016-07-27', '2016-07-27 20:29:44', 1, '2016-07-27 20:29:44', 1),
(151, 1, 25, '', 2, 'outgo', -3050, 'Điện', '2016-07-27', '2016-07-27 20:30:29', 1, '2017-02-28 23:53:07', 1),
(153, 1, 21, '', 2, 'outgo', -172, '', '2016-07-28', '2016-07-28 12:05:09', 2, '2016-07-28 12:05:09', 2),
(154, 1, 21, '', 1, 'outgo', -680, '', '2016-07-28', '2016-07-28 12:46:09', 1, '2016-07-28 12:46:09', 1),
(155, 1, 21, '', 2, 'outgo', -550, '', '2016-07-28', '2016-07-28 15:14:33', 2, '2016-07-28 15:14:33', 2),
(156, 1, 21, '', 1, 'outgo', -399, '', '2016-07-28', '2016-07-28 20:40:22', 1, '2016-07-28 20:40:22', 1),
(157, 1, 21, '', 1, 'outgo', -293, '', '2016-07-28', '2016-07-28 20:40:31', 1, '2016-07-28 20:40:31', 1),
(158, 1, 21, '', 1, 'outgo', -538, '', '2016-07-29', '2016-07-29 12:44:54', 1, '2016-07-29 12:44:54', 1),
(159, 1, 21, '', 2, 'outgo', -650, '', '2016-07-28', '2016-07-29 19:13:41', 2, '2016-07-29 19:13:41', 2),
(160, 1, 21, '', 2, 'outgo', -1460, '', '2016-07-28', '2016-07-29 19:14:05', 2, '2016-07-29 19:14:05', 2),
(161, 1, 21, '', 2, 'outgo', -1950, '', '2016-07-29', '2016-07-29 19:50:20', 2, '2016-07-29 19:50:20', 2),
(162, 1, 21, '', 1, 'outgo', -1000, '', '2016-07-30', '2016-07-30 22:03:44', 1, '2016-07-30 22:03:44', 1),
(163, 1, 21, '', 1, 'outgo', -1833, '', '2016-07-30', '2016-07-30 22:31:56', 1, '2016-07-30 22:31:56', 1),
(164, 1, 21, '', 1, 'outgo', -108, '', '2016-07-30', '2016-07-30 22:32:14', 1, '2016-07-30 22:32:14', 1),
(165, 1, 21, '', 1, 'outgo', -454, '', '2016-07-29', '2016-07-30 22:32:47', 1, '2016-07-30 22:32:47', 1),
(166, 2, 24, '', 1, 'income', 120000, '', '2016-08-01', '2016-07-30 22:36:56', 1, '2016-07-30 22:36:56', 1),
(167, 2, 1, '22d9a90c41c5edacf7207a8224597c8e', 1, 'drawer', -10000, '', '2016-07-30', '2016-07-30 22:38:17', 1, '2016-07-30 22:38:17', 1),
(168, 1, 2, '22d9a90c41c5edacf7207a8224597c8e', 1, 'drawer', 10000, '', '2016-07-30', '2016-07-30 22:38:17', 1, '2016-07-30 22:38:17', 1),
(169, 2, 1, 'edf8bcc719199223231d8ac6b18fa1e2', 2, 'drawer', -20000, '', '2016-07-30', '2016-07-30 22:38:31', 1, '2016-07-30 22:38:31', 1),
(170, 1, 2, 'edf8bcc719199223231d8ac6b18fa1e2', 2, 'drawer', 20000, '', '2016-07-30', '2016-07-30 22:38:31', 1, '2016-07-30 22:38:31', 1),
(176, 1, 21, '', 2, 'outgo', -950, '', '2016-07-31', '2016-07-31 19:42:35', 2, '2016-07-31 19:42:35', 2),
(177, 1, 21, '', 2, 'outgo', -101, '', '2016-07-31', '2016-07-31 19:42:49', 2, '2016-07-31 19:42:49', 2),
(178, 1, 21, '', 1, 'outgo', -100, 'Nước uống', '2016-08-01', '2016-08-01 12:38:23', 1, '2016-08-01 12:38:23', 1),
(179, 1, 21, '', 2, 'outgo', -2246, '', '2016-08-01', '2016-08-01 22:49:23', 1, '2016-08-01 22:49:23', 1),
(180, 1, 21, '', 1, 'outgo', -680, '', '2016-08-02', '2016-08-02 16:13:57', 1, '2016-08-02 16:13:57', 1),
(181, 1, 21, '', 2, 'outgo', -1120, '', '2016-08-02', '2016-08-02 22:10:51', 2, '2016-08-02 22:10:51', 2),
(182, 1, 21, '', 1, 'outgo', -590, '', '2016-08-03', '2016-08-03 20:16:22', 1, '2016-08-03 20:16:22', 1),
(183, 1, 21, '', 2, 'outgo', -1313, '', '2016-08-03', '2016-08-03 20:42:55', 1, '2016-08-03 20:42:55', 1),
(184, 1, 21, '', 1, 'outgo', -560, '', '2016-08-04', '2016-08-04 12:12:32', 1, '2016-08-04 12:12:32', 1),
(185, 1, 21, '', 1, 'outgo', -644, '', '2016-08-04', '2016-08-04 21:45:43', 1, '2016-08-04 21:45:43', 1),
(186, 1, 21, '', 2, 'outgo', -1535, '', '2016-08-05', '2016-08-05 20:10:25', 2, '2016-08-05 20:10:25', 2),
(187, 1, 21, '', 1, 'outgo', -1080, '', '2016-08-05', '2016-08-05 20:32:18', 1, '2016-08-05 20:32:18', 1),
(188, 1, 21, '', 1, 'outgo', -116, '', '2016-08-05', '2016-08-05 21:25:21', 1, '2016-08-05 21:25:21', 1),
(189, 1, 21, '', 2, 'outgo', -1712, '', '2016-08-06', '2016-08-06 11:27:06', 2, '2016-08-06 11:27:06', 2),
(190, 1, 21, '', 1, 'outgo', -680, '', '2016-08-07', '2016-08-07 20:44:00', 1, '2016-08-07 20:44:00', 1),
(191, 1, 23, '', 1, 'outgo', -9033, 'Đi biển Chiba', '2016-08-07', '2016-08-07 22:53:41', 1, '2016-08-07 22:53:41', 1),
(192, 2, 25, '', 1, 'outgo', -2286, 'Gas', '2016-08-01', '2016-08-07 23:10:16', 1, '2016-08-07 23:10:16', 1),
(193, 2, 25, '', 1, 'outgo', -4482, 'Internet NTT', '2016-08-01', '2016-08-07 23:10:51', 1, '2017-02-28 23:55:54', 1),
(194, 2, 25, '', 1, 'outgo', -3297, 'Điện', '2016-08-05', '2016-08-07 23:11:58', 1, '2016-08-07 23:11:58', 1),
(195, 2, 24, '', 1, 'income', 622, 'Công ty trả tiền đi lại', '2016-08-05', '2016-08-07 23:12:34', 1, '2016-08-07 23:12:34', 1),
(197, 1, 21, '', 2, 'outgo', -1400, '', '2016-08-06', '2016-08-07 23:38:30', 2, '2016-08-07 23:38:30', 2),
(198, 1, 21, '', 2, 'outgo', -888, '', '2016-08-06', '2016-08-08 11:01:35', 2, '2016-08-08 11:01:35', 2),
(199, 1, 21, '', 2, 'outgo', -668, '', '2016-08-07', '2016-08-08 11:01:49', 2, '2016-08-08 11:01:49', 2),
(200, 1, 21, '', 2, 'outgo', -4282, '', '2016-08-08', '2016-08-08 11:03:05', 2, '2016-08-08 11:03:05', 2),
(206, 2, 1, '86ac8b911690d0052ad6bf29a572964e', 2, 'drawer', -20000, '', '2016-08-08', '2016-08-08 11:05:00', 2, '2016-08-08 11:05:00', 2),
(207, 1, 2, '86ac8b911690d0052ad6bf29a572964e', 2, 'drawer', 20000, '', '2016-08-08', '2016-08-08 11:05:00', 2, '2016-08-08 11:05:00', 2),
(208, 2, 24, '', 2, 'income', 90000, '', '2016-08-08', '2016-08-08 11:08:08', 2, '2016-08-08 11:08:08', 2),
(209, 2, 1, '345ca2655e89664c84d19aa7bf4cd638', 1, 'drawer', -20000, '', '2016-08-08', '2016-08-08 11:10:33', 2, '2016-08-08 11:10:33', 2),
(210, 1, 2, '345ca2655e89664c84d19aa7bf4cd638', 1, 'drawer', 20000, '', '2016-08-08', '2016-08-08 11:10:33', 2, '2016-08-08 11:10:33', 2),
(211, 1, 21, '', 2, 'outgo', -927, '', '2016-08-05', '2016-08-08 11:14:57', 1, '2016-08-08 11:14:57', 1),
(212, 2, 28, '', 1, 'outgo', -52567, '', '2016-08-26', '2016-08-08 22:30:27', 1, '2016-08-08 22:30:27', 1),
(217, 1, 30, '', 2, 'outgo', -8333, '', '2016-07-26', '2016-08-09 11:40:25', 1, '2016-08-09 11:40:25', 1),
(218, 1, 21, '', 2, 'outgo', -1217, '', '2016-08-09', '2016-08-09 21:43:09', 2, '2016-08-09 21:43:09', 2),
(219, 2, 31, '', 2, 'outgo', -44980, 'Bảo hiểm T8,9,10,11', '2016-08-09', '2016-08-09 21:43:50', 2, '2016-08-09 21:43:50', 2),
(220, 2, 1, 'eb4987c06214fb307bee74f4ffa97ab3', 2, 'drawer', -5020, '', '2016-08-09', '2016-08-09 21:46:14', 2, '2016-08-09 21:46:14', 2),
(221, 1, 2, 'eb4987c06214fb307bee74f4ffa97ab3', 2, 'drawer', 5020, '', '2016-08-09', '2016-08-09 21:46:14', 2, '2016-08-09 21:46:14', 2),
(222, 1, 21, '', 1, 'outgo', -580, '', '2016-08-10', '2016-08-10 12:10:45', 2, '2016-08-10 12:10:45', 2),
(223, 1, 31, '', 2, 'outgo', -20000, 'Thuế 市民税', '2016-08-10', '2016-08-10 12:44:25', 2, '2016-08-10 12:44:25', 2),
(224, 2, 1, 'ade15d5f7464df4097cf8a3b698b6b0b', 2, 'drawer', -20000, '', '2016-08-10', '2016-08-10 12:44:46', 2, '2016-08-10 12:44:46', 2),
(225, 1, 2, 'ade15d5f7464df4097cf8a3b698b6b0b', 2, 'drawer', 20000, '', '2016-08-10', '2016-08-10 12:44:46', 2, '2016-08-10 12:44:46', 2),
(226, 1, 21, '', 1, 'outgo', -500, '', '2016-08-12', '2016-08-12 12:54:54', 1, '2016-08-12 12:54:54', 1),
(227, 1, 21, '', 2, 'outgo', -1726, '', '2016-08-10', '2016-08-13 07:33:22', 2, '2016-08-13 07:33:22', 2),
(228, 1, 21, '', 2, 'outgo', -1770, '', '2016-08-11', '2016-08-13 07:33:48', 2, '2016-08-13 07:33:48', 2),
(229, 1, 21, '', 2, 'outgo', -493, '', '2016-08-12', '2016-08-13 07:34:08', 2, '2016-08-13 07:34:08', 2),
(230, 1, 5, '1765e6945c561d480d22c898b6ce979d', 1, 'handover', -1000, '', '2016-08-13', '2016-08-13 20:00:17', 1, '2016-08-13 20:00:17', 1),
(231, 1, 6, '1765e6945c561d480d22c898b6ce979d', 2, 'handover', 1000, '', '2016-08-13', '2016-08-13 20:00:17', 1, '2016-08-13 20:00:17', 1),
(232, 1, 21, '', 2, 'outgo', -3000, '', '2016-08-13', '2016-08-14 20:04:16', 2, '2016-08-14 20:04:16', 2),
(233, 1, 21, '', 2, 'outgo', -1000, '', '2016-08-14', '2016-08-14 20:05:14', 2, '2016-08-14 20:05:14', 2),
(234, 1, 21, '', 2, 'outgo', -474, '', '2016-08-13', '2016-08-14 23:36:37', 2, '2016-08-14 23:36:37', 2),
(235, 1, 21, '', 2, 'outgo', -5305, '', '2016-08-13', '2016-08-14 23:38:25', 2, '2016-08-14 23:38:25', 2),
(236, 1, 21, '', 1, 'outgo', -580, '', '2016-08-15', '2016-08-15 12:08:29', 1, '2016-08-15 12:08:29', 1),
(237, 1, 21, '', 1, 'outgo', -211, '', '2016-08-15', '2016-08-15 19:38:33', 1, '2016-08-15 19:38:33', 1),
(238, 1, 21, '', 1, 'outgo', -322, '', '2016-08-15', '2016-08-15 19:42:19', 1, '2016-08-15 19:42:19', 1),
(239, 1, 21, '', 2, 'outgo', -547, '', '2016-08-16', '2016-08-16 20:33:24', 1, '2016-08-16 20:33:24', 1),
(240, 1, 21, '', 1, 'outgo', -800, '', '2016-08-17', '2016-08-17 19:40:06', 1, '2016-08-17 19:40:06', 1),
(241, 1, 21, '', 1, 'outgo', -408, '', '2016-08-17', '2016-08-17 20:21:26', 1, '2016-08-17 20:21:26', 1),
(242, 1, 21, '', 2, 'outgo', -98, '', '2016-08-17', '2016-08-17 21:36:28', 2, '2016-08-17 21:36:28', 2),
(243, 1, 21, '', 1, 'outgo', -700, '', '2016-08-18', '2016-08-18 22:16:09', 1, '2016-08-18 22:16:09', 1),
(244, 1, 21, '', 1, 'outgo', -580, '', '2016-08-19', '2016-08-19 22:11:07', 1, '2016-08-19 22:11:07', 1),
(245, 1, 21, '', 2, 'outgo', -3800, '', '2016-08-19', '2016-08-20 00:27:18', 2, '2016-08-20 00:27:18', 2),
(246, 1, 5, '7aa0ba9fe546eb681f744984ffbb3e23', 1, 'handover', -5000, '', '2016-08-20', '2016-08-20 16:02:59', 1, '2016-08-20 16:02:59', 1),
(247, 1, 6, '7aa0ba9fe546eb681f744984ffbb3e23', 2, 'handover', 5000, '', '2016-08-20', '2016-08-20 16:02:59', 1, '2016-08-20 16:02:59', 1),
(248, 2, 1, '88f3a99847c40b1af3837b9de0deaa3f', 1, 'drawer', -20000, '', '2016-08-20', '2016-08-20 16:39:38', 1, '2016-08-20 16:39:38', 1),
(249, 1, 2, '88f3a99847c40b1af3837b9de0deaa3f', 1, 'drawer', 20000, '', '2016-08-20', '2016-08-20 16:39:38', 1, '2016-08-20 16:39:38', 1),
(250, 1, 21, '', 1, 'outgo', -1554, '', '2016-08-20', '2016-08-20 17:04:43', 1, '2016-08-20 17:04:43', 1),
(252, 1, 5, 'f50a3d7527ab2b5448087c5108a9682f', 1, 'handover', -10000, '', '2016-08-21', '2016-08-21 18:14:30', 1, '2016-08-21 18:14:30', 1),
(253, 1, 6, 'f50a3d7527ab2b5448087c5108a9682f', 2, 'handover', 10000, '', '2016-08-21', '2016-08-21 18:14:30', 1, '2016-08-21 18:14:30', 1),
(254, 1, 21, '', 2, 'outgo', -432, '', '2016-08-20', '2016-08-21 18:23:12', 2, '2016-08-21 18:23:12', 2),
(255, 1, 21, '', 2, 'outgo', -1203, '', '2016-08-20', '2016-08-21 18:23:28', 2, '2016-08-21 18:23:28', 2),
(256, 1, 21, '', 2, 'outgo', -200, '', '2016-08-20', '2016-08-21 18:23:47', 2, '2016-08-21 18:23:47', 2),
(257, 1, 21, '', 2, 'outgo', -1651, '', '2016-08-21', '2016-08-21 18:25:01', 2, '2016-08-21 18:25:01', 2),
(258, 1, 21, '', 2, 'outgo', -1905, '', '2016-08-20', '2016-08-21 18:25:56', 2, '2016-08-21 18:25:56', 2),
(259, 1, 21, '', 1, 'outgo', -581, '', '2016-08-21', '2016-08-21 18:46:59', 1, '2016-08-21 18:46:59', 1),
(260, 1, 32, '', 1, 'outgo', -10, 'In zairyu card', '2016-08-21', '2016-08-21 22:02:38', 1, '2016-08-21 22:02:38', 1),
(261, 1, 21, '', 2, 'outgo', -1573, '', '2016-08-22', '2016-08-22 19:20:11', 2, '2016-08-22 19:20:11', 2),
(262, 1, 21, '', 2, 'outgo', -600, '', '2016-08-21', '2016-08-23 09:10:29', 2, '2016-08-23 09:10:29', 2),
(263, 1, 21, '', 2, 'outgo', -900, '', '2016-08-23', '2016-08-23 19:31:34', 2, '2016-08-23 19:31:34', 2),
(264, 1, 21, '', 1, 'outgo', -762, '', '2016-08-24', '2016-08-24 21:26:33', 1, '2016-08-24 21:26:33', 1),
(267, 1, 21, '', 1, 'outgo', -500, '', '2016-08-26', '2016-08-26 12:37:37', 1, '2016-08-26 12:37:37', 1),
(268, 1, 21, '', 2, 'outgo', -1143, '', '2016-08-26', '2016-08-26 19:39:45', 2, '2016-08-26 19:39:45', 2),
(269, 1, 21, '', 1, 'outgo', -920, '', '2016-08-26', '2016-08-26 23:40:27', 1, '2016-08-26 23:40:27', 1),
(270, 1, 21, '', 1, 'outgo', -872, '', '2016-08-27', '2016-08-27 18:59:05', 1, '2016-08-27 18:59:05', 1),
(271, 1, 21, '', 2, 'outgo', -1058, '', '2016-08-28', '2016-08-28 11:52:09', 2, '2016-08-28 11:52:09', 2),
(273, 2, 1, 'a4fee648343d0a9dbd5224a6755d5993', 1, 'drawer', -10000, '', '2016-08-28', '2016-08-28 18:59:26', 1, '2016-08-28 18:59:26', 1),
(274, 1, 2, 'a4fee648343d0a9dbd5224a6755d5993', 1, 'drawer', 10000, '', '2016-08-28', '2016-08-28 18:59:26', 1, '2016-08-28 18:59:26', 1),
(275, 2, 1, '58a1d94e6973161e8d1872c568e37b1e', 2, 'drawer', -10000, '', '2016-08-28', '2016-08-28 19:00:17', 1, '2016-08-28 19:00:17', 1),
(276, 1, 2, '58a1d94e6973161e8d1872c568e37b1e', 2, 'drawer', 10000, '', '2016-08-28', '2016-08-28 19:00:17', 1, '2016-08-28 19:00:17', 1),
(277, 1, 21, '', 2, 'outgo', -1404, '', '2016-08-28', '2016-08-28 19:39:52', 1, '2016-08-28 19:39:52', 1),
(278, 1, 21, '', 1, 'outgo', -580, '', '2016-08-29', '2016-08-29 12:17:33', 1, '2016-08-29 12:17:33', 1),
(279, 1, 21, '', 1, 'outgo', -365, '', '2016-08-29', '2016-08-29 20:24:48', 1, '2016-08-29 20:24:48', 1),
(280, 1, 21, '', 1, 'outgo', -690, '', '2016-08-30', '2016-08-30 19:27:01', 1, '2016-08-30 19:27:01', 1),
(281, 1, 21, '', 1, 'outgo', -147, '', '2016-08-30', '2016-08-30 20:15:16', 1, '2016-08-30 20:15:16', 1),
(282, 1, 21, '', 2, 'outgo', -2244, '', '2016-08-25', '2016-08-31 10:57:01', 2, '2016-08-31 10:57:01', 2),
(283, 1, 21, '', 2, 'outgo', -2228, '', '2016-08-25', '2016-08-31 10:57:23', 2, '2016-08-31 10:57:23', 2),
(284, 1, 21, '', 2, 'outgo', -493, '', '2016-08-28', '2016-08-31 10:58:16', 2, '2016-08-31 10:58:16', 2),
(285, 1, 21, '', 2, 'outgo', -675, '', '2016-08-21', '2016-08-31 10:59:02', 2, '2016-08-31 10:59:02', 2),
(286, 1, 21, '', 2, 'outgo', -1616, '', '2016-08-30', '2016-08-31 10:59:21', 2, '2016-08-31 10:59:21', 2),
(287, 1, 5, '819b9e8a7eedcc735d1f4248a701f2d2', 2, 'handover', -5000, '', '2016-09-01', '2016-09-01 07:37:33', 1, '2016-09-01 07:37:33', 1),
(288, 1, 6, '819b9e8a7eedcc735d1f4248a701f2d2', 1, 'handover', 5000, '', '2016-09-01', '2016-09-01 07:37:33', 1, '2016-09-01 07:37:33', 1),
(289, 1, 5, '89aedfa88da81ec44566f69d3f0c33ae', 2, 'handover', -5000, '', '2016-09-01', '2016-09-01 10:28:56', 2, '2016-09-01 10:28:56', 2),
(290, 1, 6, '89aedfa88da81ec44566f69d3f0c33ae', 1, 'handover', 5000, '', '2016-09-01', '2016-09-01 10:28:56', 2, '2016-09-01 10:28:56', 2),
(291, 1, 21, '', 1, 'outgo', -569, '', '2016-09-01', '2016-09-01 21:55:10', 1, '2016-09-01 21:55:10', 1),
(292, 1, 21, '', 1, 'outgo', -171, '', '2016-09-02', '2016-09-02 20:24:21', 1, '2016-09-02 20:24:21', 1),
(293, 2, 25, '', 1, 'outgo', -1026, 'Internet Yahoo', '2016-08-29', '2016-09-02 21:12:00', 1, '2016-09-02 21:12:00', 1),
(294, 2, 25, '', 1, 'outgo', -1989, 'Gas', '2016-08-30', '2016-09-02 21:12:33', 1, '2016-09-02 21:12:33', 1),
(295, 2, 25, '', 1, 'outgo', -4482, 'Internet NTT', '2016-08-31', '2016-09-02 21:13:18', 1, '2016-09-02 21:13:18', 1),
(296, 1, 21, '', 1, 'outgo', -1148, '', '2016-09-03', '2016-09-03 18:48:51', 1, '2016-09-03 18:48:51', 1),
(297, 2, 24, '', 1, 'income', 140000, '', '2016-09-04', '2016-09-04 16:40:54', 1, '2016-09-04 16:40:54', 1),
(298, 1, 27, '', 1, 'outgo', -432, '', '2016-09-04', '2016-09-04 17:08:45', 1, '2016-09-04 17:08:45', 1),
(299, 1, 21, '', 2, 'outgo', -1096, '', '2016-09-02', '2016-09-04 17:50:50', 2, '2016-09-04 17:50:50', 2),
(300, 1, 21, '', 2, 'outgo', -2782, '', '2016-08-31', '2016-09-04 17:53:19', 2, '2016-09-04 17:53:19', 2),
(301, 1, 27, '', 1, 'outgo', -475, 'カビキラー', '2016-09-04', '2016-09-04 18:07:20', 1, '2016-09-04 18:07:20', 1),
(302, 1, 21, '', 1, 'outgo', -2673, '', '2016-09-04', '2016-09-04 18:07:46', 1, '2016-09-04 18:07:46', 1),
(304, 1, 21, '', 1, 'outgo', -172, '', '2016-09-04', '2016-09-04 18:37:20', 1, '2016-09-04 18:37:20', 1),
(307, 1, 30, '', 2, 'outgo', -7850, '', '2016-08-26', '2016-09-05 14:31:18', 2, '2016-09-05 14:31:18', 2),
(308, 1, 21, '', 2, 'outgo', -108, '', '2016-09-05', '2016-09-05 17:14:12', 2, '2016-09-05 17:14:12', 2),
(309, 1, 21, '', 2, 'outgo', -98, '', '2016-09-05', '2016-09-05 17:14:21', 2, '2016-09-05 17:14:21', 2),
(310, 2, 24, '', 2, 'income', 75000, '', '2016-09-05', '2016-09-05 17:16:47', 2, '2016-09-05 17:16:47', 2),
(313, 2, 1, 'ad509148342b72ae39eee6fe81619a83', 2, 'drawer', -20000, '', '2016-09-05', '2016-09-05 22:08:24', 2, '2016-09-05 22:08:24', 2),
(314, 1, 2, 'ad509148342b72ae39eee6fe81619a83', 2, 'drawer', 20000, '', '2016-09-05', '2016-09-05 22:08:24', 2, '2016-09-05 22:08:24', 2),
(315, 1, 21, '', 1, 'outgo', -500, '', '2016-09-06', '2016-09-06 12:48:13', 1, '2016-09-06 12:48:13', 1),
(316, 1, 21, '', 2, 'outgo', -1190, '', '2016-09-06', '2016-09-06 19:39:58', 2, '2016-09-06 19:39:58', 2),
(317, 1, 21, '', 1, 'outgo', -388, '', '2016-09-06', '2016-09-06 21:04:01', 1, '2016-09-06 21:04:01', 1),
(318, 1, 21, '', 2, 'outgo', -584, '', '2016-09-07', '2016-09-07 20:10:41', 1, '2016-09-07 20:10:41', 1),
(319, 1, 21, '', 1, 'outgo', -1065, '', '2016-09-08', '2016-09-08 20:55:52', 1, '2016-09-08 20:55:52', 1),
(320, 1, 21, '', 1, 'outgo', -108, '', '2016-09-09', '2016-09-09 23:28:01', 1, '2016-09-09 23:28:01', 1),
(321, 1, 32, '', 1, 'outgo', -907, 'Giặt áo quần', '2016-09-10', '2016-09-10 11:03:10', 1, '2016-09-10 11:03:10', 1),
(322, 1, 21, '', 2, 'outgo', -1682, '', '2016-09-09', '2016-09-10 12:36:13', 2, '2016-09-10 12:36:13', 2),
(323, 1, 21, '', 1, 'outgo', -173, '', '2016-09-10', '2016-09-10 12:42:44', 1, '2016-09-10 12:42:44', 1),
(324, 1, 27, '', 1, 'outgo', -108, '', '2016-09-10', '2016-09-10 17:08:16', 1, '2016-09-10 17:08:16', 1),
(325, 1, 32, '', 1, 'outgo', -1080, 'Quà Teen', '2016-09-11', '2016-09-11 13:18:11', 1, '2016-09-11 13:18:11', 1),
(326, 1, 21, '', 1, 'outgo', -3074, '', '2016-09-11', '2016-09-11 13:18:21', 1, '2016-09-11 13:18:21', 1),
(327, 1, 21, '', 2, 'outgo', -1407, '', '2016-09-11', '2016-09-11 13:55:29', 1, '2016-09-11 13:55:29', 1),
(329, 1, 21, '', 2, 'outgo', -333, '', '2016-09-11', '2016-09-12 22:06:28', 2, '2016-09-12 22:06:28', 2),
(330, 1, 21, '', 2, 'outgo', -98, '', '2016-09-12', '2016-09-12 22:06:45', 2, '2016-09-12 22:06:45', 2),
(331, 1, 21, '', 2, 'outgo', -332, '', '2016-09-11', '2016-09-12 22:07:04', 2, '2016-09-12 22:07:04', 2),
(332, 1, 21, '', 2, 'outgo', -48, '', '2016-09-09', '2016-09-12 22:07:43', 2, '2016-09-12 22:07:43', 2),
(333, 1, 21, '', 2, 'outgo', -381, '', '2016-09-10', '2016-09-12 22:08:13', 2, '2016-09-12 22:08:13', 2),
(334, 1, 21, '', 2, 'outgo', -398, '', '2016-09-11', '2016-09-12 22:08:29', 2, '2016-09-12 22:08:29', 2),
(335, 2, 25, '', 1, 'outgo', -4039, 'Điện', '2016-09-06', '2016-09-12 22:08:30', 1, '2016-09-12 22:08:30', 1),
(336, 1, 21, '', 2, 'outgo', -251, '', '2016-09-10', '2016-09-12 22:08:49', 2, '2016-09-12 22:08:49', 2),
(337, 1, 21, '', 2, 'outgo', -2359, '', '2016-09-09', '2016-09-12 22:09:07', 2, '2016-09-12 22:09:07', 2),
(338, 2, 25, '', 1, 'outgo', -6140, 'Nước', '2016-09-08', '2016-09-12 22:09:12', 1, '2016-09-12 22:09:12', 1),
(339, 1, 21, '', 2, 'outgo', -246, '', '2016-09-12', '2016-09-12 22:09:52', 2, '2016-09-12 22:09:52', 2),
(340, 1, 21, '', 2, 'outgo', -471, '', '2016-09-13', '2016-09-13 21:12:58', 1, '2016-09-13 21:12:58', 1),
(341, 1, 21, '', 2, 'outgo', -105, '', '2016-09-14', '2016-09-14 19:42:12', 2, '2016-09-14 19:42:12', 2),
(342, 1, 21, '', 2, 'outgo', -1583, '', '2016-09-14', '2016-09-14 19:42:25', 2, '2016-09-14 19:42:25', 2),
(343, 1, 21, '', 2, 'outgo', -213, '', '2016-09-15', '2016-09-15 21:43:52', 2, '2016-09-15 21:43:52', 2),
(344, 2, 1, '15f3b10ead9b7d4f86592cebbd9895f8', 2, 'drawer', -20000, '', '2016-09-15', '2016-09-15 21:47:33', 2, '2016-09-15 21:47:33', 2),
(345, 1, 2, '15f3b10ead9b7d4f86592cebbd9895f8', 2, 'drawer', 20000, '', '2016-09-15', '2016-09-15 21:47:33', 2, '2016-09-15 21:47:33', 2),
(346, 1, 21, '', 2, 'outgo', -117, '', '2016-09-15', '2016-09-15 23:00:50', 2, '2016-09-15 23:00:50', 2),
(347, 1, 21, '', 2, 'outgo', -158, '', '2016-09-16', '2016-09-16 19:15:39', 2, '2016-09-16 19:15:39', 2),
(348, 1, 21, '', 1, 'outgo', -900, '', '2016-09-16', '2016-09-16 19:35:46', 1, '2016-09-16 19:35:46', 1),
(349, 1, 21, '', 2, 'outgo', -1816, '', '2016-09-16', '2016-09-16 19:36:27', 2, '2016-09-16 19:36:27', 2),
(350, 2, 28, '', 2, 'outgo', -23153, '', '2016-09-26', '2016-09-17 05:50:19', 2, '2016-09-17 05:50:19', 2),
(351, 1, 30, '', 2, 'outgo', -7707, 'Đt tháng 8', '2016-09-26', '2016-09-17 05:54:46', 2, '2016-09-17 05:54:46', 2),
(352, 1, 21, '', 2, 'outgo', -4644, '', '2016-09-17', '2016-09-17 17:12:23', 1, '2016-09-17 17:12:23', 1),
(353, 1, 21, '', 1, 'outgo', -259, '', '2016-09-17', '2016-09-17 17:24:13', 1, '2016-09-17 17:24:13', 1),
(354, 1, 21, '', 1, 'outgo', -160, '', '2016-09-17', '2016-09-17 17:24:41', 1, '2016-09-17 17:24:41', 1),
(355, 1, 21, '', 2, 'outgo', -1928, '', '2016-09-18', '2016-09-18 19:32:08', 2, '2016-09-18 19:32:08', 2),
(356, 1, 21, '', 1, 'outgo', -983, '', '2016-09-19', '2016-09-19 11:04:50', 1, '2016-09-19 11:04:50', 1),
(357, 1, 21, '', 2, 'outgo', -394, '', '2016-09-19', '2016-09-21 10:39:56', 2, '2016-09-21 10:39:56', 2),
(358, 1, 29, '', 2, 'outgo', -1080, 'Tất ', '2016-09-19', '2016-09-21 10:40:18', 2, '2016-09-21 10:40:18', 2),
(359, 1, 21, '', 2, 'outgo', -444, '', '2016-09-19', '2016-09-21 10:40:51', 2, '2016-09-21 10:40:51', 2),
(360, 1, 29, '', 2, 'outgo', -9720, 'Kính mát cho vợ', '2016-09-19', '2016-09-21 10:41:40', 2, '2016-09-21 10:41:40', 2),
(361, 1, 27, '', 2, 'outgo', -194, 'Dù đi mưa', '2016-09-19', '2016-09-21 10:42:53', 2, '2016-09-21 10:42:53', 2),
(362, 1, 21, '', 2, 'outgo', -2790, '', '2016-09-19', '2016-09-21 10:43:28', 2, '2016-09-21 10:43:28', 2),
(363, 1, 21, '', 2, 'outgo', -2469, '', '2016-09-20', '2016-09-21 10:43:56', 2, '2016-09-21 10:43:56', 2),
(364, 1, 29, '', 2, 'outgo', -2160, 'Tất', '2016-09-19', '2016-09-21 10:45:39', 2, '2016-09-21 10:45:39', 2),
(365, 2, 1, '6e4f81e71a581e1e53cad1a421111838', 2, 'drawer', -35000, '', '2016-09-21', '2016-09-21 12:49:59', 2, '2016-09-21 12:49:59', 2),
(366, 1, 2, '6e4f81e71a581e1e53cad1a421111838', 2, 'drawer', 35000, '', '2016-09-21', '2016-09-21 12:49:59', 2, '2016-09-21 12:49:59', 2),
(367, 1, 21, '', 1, 'outgo', -179, '', '2016-09-21', '2016-09-21 19:47:08', 1, '2016-09-21 19:47:08', 1),
(368, 1, 21, '', 2, 'outgo', -642, '', '2016-09-21', '2016-09-21 19:50:15', 2, '2016-09-21 19:50:15', 2),
(369, 1, 21, '', 2, 'outgo', -2600, '', '2016-09-21', '2016-09-21 19:50:29', 2, '2016-09-21 19:50:29', 2),
(370, 1, 21, '', 1, 'outgo', -628, '', '2016-09-21', '2016-09-21 19:52:19', 1, '2016-09-21 19:52:19', 1),
(371, 1, 21, '', 1, 'outgo', -567, 'Sữa cho Teen', '2016-09-22', '2016-09-22 15:57:47', 1, '2016-09-22 15:57:47', 1),
(372, 1, 26, '', 1, 'income', 2000, 'Má đưa', '2016-09-22', '2016-09-22 21:10:40', 1, '2016-09-22 21:10:40', 1),
(373, 1, 21, '', 2, 'outgo', -300, '', '2016-09-22', '2016-09-22 22:34:35', 2, '2016-09-22 22:34:35', 2),
(374, 1, 21, '', 1, 'outgo', -690, '', '2016-09-23', '2016-09-23 20:10:03', 1, '2016-09-23 20:10:03', 1),
(377, 1, 32, '', 2, 'outgo', -1080, 'Quà sinh nhật Khanh bông', '2016-09-24', '2016-09-24 16:58:56', 1, '2016-09-24 16:58:56', 1),
(378, 1, 21, '', 2, 'outgo', -138, '', '2016-09-23', '2016-09-24 17:49:13', 1, '2016-09-24 17:49:13', 1),
(379, 1, 21, '', 2, 'outgo', -470, '', '2016-09-23', '2016-09-24 17:49:29', 1, '2016-09-24 17:49:29', 1),
(380, 1, 23, '', 1, 'outgo', -2550, '', '2016-09-24', '2016-09-24 21:50:57', 1, '2016-09-24 21:50:57', 1),
(381, 1, 21, '', 1, 'outgo', -640, '', '2016-09-25', '2016-09-25 14:15:36', 1, '2016-09-25 14:15:36', 1),
(382, 1, 21, '', 1, 'outgo', -1104, '', '2016-09-25', '2016-09-25 14:22:23', 1, '2016-09-25 14:22:23', 1),
(383, 2, 1, 'a084128a036948b830eef480de4cb022', 1, 'drawer', -10000, '', '2016-09-25', '2016-09-25 20:06:40', 1, '2016-09-25 20:06:40', 1),
(384, 1, 2, 'a084128a036948b830eef480de4cb022', 1, 'drawer', 10000, '', '2016-09-25', '2016-09-25 20:06:40', 1, '2016-09-25 20:06:40', 1),
(385, 1, 21, '', 1, 'outgo', -259, '', '2016-09-25', '2016-09-25 20:34:37', 1, '2016-09-25 20:34:37', 1),
(386, 2, 24, '', 1, 'income', 180000, '', '2016-10-01', '2016-09-25 22:04:51', 1, '2016-09-25 22:04:51', 1),
(387, 1, 21, '', 1, 'outgo', -490, '', '2016-09-26', '2016-09-26 19:19:28', 1, '2016-09-26 19:19:28', 1),
(388, 1, 21, '', 2, 'outgo', -2257, '', '2016-09-26', '2016-09-26 21:54:24', 1, '2016-09-26 21:54:24', 1),
(389, 1, 32, '', 2, 'outgo', -3421, 'Quà sinh nhật Teen', '2016-09-26', '2016-09-26 22:39:30', 2, '2016-09-26 22:39:30', 2),
(390, 1, 21, '', 2, 'outgo', -1747, '', '2016-09-26', '2016-09-26 22:41:01', 2, '2016-09-26 22:41:01', 2),
(391, 1, 21, '', 2, 'outgo', -149, '', '2016-09-27', '2016-09-27 21:39:30', 1, '2016-09-27 21:39:30', 1),
(392, 1, 21, '', 2, 'outgo', -34, '', '2016-09-27', '2016-09-27 21:39:40', 1, '2016-09-27 21:39:40', 1),
(393, 1, 21, '', 1, 'outgo', -840, '', '2016-09-28', '2016-09-28 18:48:59', 1, '2016-09-28 18:48:59', 1),
(394, 1, 21, '', 2, 'outgo', -476, '', '2016-09-28', '2016-09-28 19:21:17', 2, '2016-09-28 19:21:17', 2),
(395, 1, 21, '', 2, 'outgo', -1716, '', '2016-09-28', '2016-09-28 19:55:05', 2, '2016-09-28 19:55:05', 2),
(397, 1, 21, '', 2, 'outgo', -390, '', '2016-09-29', '2016-09-29 13:28:11', 2, '2016-09-29 13:28:11', 2),
(398, 1, 21, '', 2, 'outgo', -777, '', '2016-09-29', '2016-09-29 14:49:54', 2, '2016-09-29 14:49:54', 2),
(399, 1, 21, '', 2, 'outgo', -149, '', '2016-09-29', '2016-09-29 14:51:11', 2, '2016-09-29 14:51:11', 2),
(400, 2, 1, 'd56b514051fe052a41a57b862b2fd5d5', 2, 'drawer', -20000, '', '2016-09-29', '2016-09-29 15:27:26', 2, '2016-09-29 15:27:26', 2),
(401, 1, 2, 'd56b514051fe052a41a57b862b2fd5d5', 2, 'drawer', 20000, '', '2016-09-29', '2016-09-29 15:27:26', 2, '2016-09-29 15:27:26', 2),
(402, 1, 29, '', 2, 'outgo', -12925, 'Áo cho chồng', '2016-09-29', '2016-09-29 17:37:18', 2, '2016-09-29 17:37:18', 2),
(403, 1, 21, '', 1, 'outgo', -900, '', '2016-09-29', '2016-09-29 18:41:06', 1, '2016-09-29 18:41:06', 1),
(404, 1, 21, '', 1, 'outgo', -640, '', '2016-09-29', '2016-09-29 20:58:34', 1, '2016-09-29 20:58:34', 1),
(405, 1, 29, '', 2, 'outgo', -2700, 'Áo cho vợ', '2016-09-29', '2016-09-29 22:29:58', 2, '2016-09-29 22:29:58', 2),
(406, 1, 21, '', 2, 'outgo', -3000, '', '2016-09-29', '2016-09-29 22:30:08', 2, '2016-09-29 22:30:08', 2),
(407, 1, 29, '', 2, 'outgo', -1080, 'Tất', '2016-09-29', '2016-09-29 22:45:14', 2, '2016-09-29 22:45:14', 2),
(408, 1, 21, '', 1, 'outgo', -1000, '', '2016-09-30', '2016-09-30 12:50:41', 1, '2016-09-30 12:50:41', 1),
(409, 1, 21, '', 1, 'outgo', -105, '', '2016-09-30', '2016-09-30 20:08:32', 1, '2016-09-30 20:08:32', 1),
(410, 1, 21, '', 2, 'outgo', -555, '', '2016-09-30', '2016-10-01 09:08:32', 2, '2016-10-01 09:08:32', 2),
(411, 1, 21, '', 2, 'outgo', -1802, '', '2016-09-30', '2016-10-01 09:09:23', 2, '2016-10-01 09:09:23', 2),
(412, 2, 25, '', 2, 'outgo', -1026, 'Internet Yahoo', '2016-09-27', '2016-10-01 09:16:26', 2, '2016-10-01 09:16:26', 2),
(413, 2, 25, '', 2, 'outgo', -1950, 'Gas', '2016-09-30', '2016-10-01 09:18:52', 2, '2016-10-01 09:18:52', 2),
(414, 2, 25, '', 2, 'outgo', -4482, 'Internet NTT', '2016-09-30', '2016-10-01 09:22:45', 2, '2016-10-01 09:22:45', 2),
(415, 2, 26, '', 2, 'income', 1, 'Lãi ngân hàng', '2016-10-01', '2016-10-01 09:23:47', 2, '2016-10-01 09:23:47', 2),
(416, 1, 21, '', 2, 'outgo', -963, '', '2016-10-01', '2016-10-01 14:16:28', 2, '2016-10-01 14:16:28', 2),
(417, 1, 21, '', 2, 'outgo', -497, '', '2016-10-01', '2016-10-01 14:16:38', 2, '2016-10-01 14:16:38', 2),
(418, 2, 1, '29e524e72354e9319df97cacfadacd7d', 2, 'drawer', -30000, '', '2016-10-01', '2016-10-01 14:17:05', 2, '2016-10-01 14:17:05', 2),
(419, 1, 2, '29e524e72354e9319df97cacfadacd7d', 2, 'drawer', 30000, '', '2016-10-01', '2016-10-01 14:17:05', 2, '2016-10-01 14:17:05', 2),
(420, 1, 21, '', 2, 'outgo', -238, '', '2016-10-01', '2016-10-01 14:23:37', 2, '2016-10-01 14:23:37', 2),
(421, 1, 21, '', 1, 'outgo', -906, '', '2016-10-02', '2016-10-02 10:07:06', 1, '2016-10-02 10:07:06', 1),
(422, 1, 21, '', 1, 'outgo', -738, '', '2016-10-02', '2016-10-02 17:11:09', 1, '2016-10-02 17:11:09', 1),
(423, 1, 21, '', 2, 'outgo', -186, '', '2016-10-02', '2016-10-03 07:42:10', 2, '2016-10-03 07:42:10', 2),
(424, 1, 22, '', 2, 'outgo', -1000, 'Nạp thẻ suica', '2016-10-01', '2016-10-03 07:42:32', 2, '2017-01-02 00:24:08', 1),
(425, 1, 21, '', 1, 'outgo', -880, '', '2016-10-03', '2016-10-03 19:04:56', 1, '2016-10-03 19:04:56', 1),
(426, 1, 21, '', 1, 'outgo', -163, '', '2016-10-03', '2016-10-03 19:46:12', 1, '2016-10-03 19:46:12', 1),
(427, 1, 21, '', 1, 'outgo', -652, '', '2016-10-03', '2016-10-03 19:49:35', 1, '2016-10-03 19:49:35', 1),
(428, 1, 21, '', 1, 'outgo', -500, '', '2016-10-04', '2016-10-04 12:50:46', 1, '2016-10-04 12:50:46', 1),
(429, 1, 21, '', 2, 'outgo', -1309, '', '2016-10-04', '2016-10-04 20:13:36', 2, '2016-10-04 20:13:36', 2),
(430, 1, 21, '', 2, 'outgo', -920, '', '2016-10-04', '2016-10-04 20:13:54', 2, '2016-10-04 20:13:54', 2),
(431, 1, 21, '', 2, 'outgo', -2930, '', '2016-10-01', '2016-10-04 21:21:37', 2, '2016-10-04 21:21:37', 2),
(432, 1, 21, '', 2, 'outgo', -1041, '', '2016-10-05', '2016-10-05 11:28:44', 2, '2016-10-05 11:28:44', 2),
(433, 2, 24, '', 2, 'income', 80000, '', '2016-10-05', '2016-10-05 21:29:42', 2, '2016-10-05 21:29:42', 2),
(434, 2, 1, '63ac888b69224960faf95516ecba5631', 2, 'drawer', -10000, '', '2016-10-05', '2016-10-05 21:33:22', 2, '2016-10-05 21:33:22', 2),
(435, 1, 2, '63ac888b69224960faf95516ecba5631', 2, 'drawer', 10000, '', '2016-10-05', '2016-10-05 21:33:22', 2, '2016-10-05 21:33:22', 2),
(438, 1, 21, '', 1, 'outgo', -500, '', '2016-10-06', '2016-10-06 20:50:32', 1, '2016-10-06 20:50:32', 1),
(439, 1, 32, '', 2, 'outgo', -3700, 'Cắt tóc', '2016-10-06', '2016-10-07 06:50:51', 1, '2016-10-07 06:50:51', 1),
(440, 1, 21, '', 2, 'outgo', -331, '', '2016-10-06', '2016-10-07 06:51:48', 1, '2016-10-07 06:51:48', 1),
(442, 1, 21, '', 1, 'outgo', -870, '', '2016-10-07', '2016-10-07 22:23:40', 1, '2016-10-07 22:23:40', 1),
(443, 1, 21, '', 1, 'outgo', -1562, '', '2016-10-08', '2016-10-08 14:19:39', 1, '2016-10-08 14:19:39', 1),
(444, 1, 21, '', 1, 'outgo', -2226, '', '2016-10-08', '2016-10-08 14:32:18', 1, '2016-10-08 14:32:18', 1),
(445, 1, 29, '', 2, 'outgo', -7549, 'Giày Bách', '2016-10-08', '2016-10-08 14:52:19', 1, '2016-10-08 14:52:19', 1),
(446, 1, 21, '', 1, 'outgo', -183, '', '2016-10-08', '2016-10-08 19:22:01', 1, '2016-10-08 19:22:01', 1),
(447, 1, 29, '', 1, 'outgo', -718, 'Keo vuốt tóc', '2016-10-08', '2016-10-08 22:51:53', 1, '2016-10-08 22:51:53', 1),
(448, 1, 22, '', 2, 'outgo', -1000, 'Nạp thẻ suica', '2016-10-08', '2016-10-09 00:01:15', 2, '2017-01-02 00:23:41', 1),
(449, 2, 1, '8c4d6c4796b2f60e9c34870fda9c4ebb', 2, 'drawer', -10000, '', '2016-10-08', '2016-10-09 00:02:35', 2, '2016-10-09 00:02:35', 2),
(450, 1, 2, '8c4d6c4796b2f60e9c34870fda9c4ebb', 2, 'drawer', 10000, '', '2016-10-08', '2016-10-09 00:02:35', 2, '2016-10-09 00:02:35', 2),
(451, 2, 25, '', 1, 'outgo', -3650, 'Điện', '2016-10-07', '2016-10-09 08:22:35', 1, '2016-10-09 08:22:35', 1),
(452, 1, 27, '', 2, 'outgo', -678, '', '2016-10-08', '2016-10-09 08:26:34', 2, '2016-10-09 08:26:34', 2),
(453, 1, 21, '', 2, 'outgo', -539, '', '2016-10-08', '2016-10-09 08:27:37', 2, '2016-10-09 08:27:37', 2),
(454, 1, 21, '', 2, 'outgo', -686, '', '2016-10-07', '2016-10-09 08:28:32', 2, '2016-10-09 08:28:32', 2),
(455, 1, 21, '', 2, 'outgo', -390, '', '2016-10-06', '2016-10-09 08:30:36', 2, '2016-10-09 08:30:36', 2),
(457, 1, 21, '', 2, 'outgo', -48, '', '2016-10-07', '2016-10-09 08:34:10', 2, '2016-10-09 08:34:10', 2),
(458, 1, 21, '', 1, 'outgo', -1055, '', '2016-10-09', '2016-10-09 11:00:37', 1, '2016-10-09 11:00:37', 1),
(459, 2, 1, '3fa335db78a56770855f4c0848837005', 1, 'drawer', -30000, '', '2016-10-09', '2016-10-09 16:54:49', 1, '2016-10-09 16:54:49', 1),
(460, 1, 2, '3fa335db78a56770855f4c0848837005', 1, 'drawer', 30000, '', '2016-10-09', '2016-10-09 16:54:49', 1, '2016-10-09 16:54:49', 1),
(461, 1, 21, '', 1, 'outgo', -658, '', '2016-10-09', '2016-10-09 17:38:31', 1, '2016-10-09 17:38:31', 1),
(462, 2, 1, '15e94a21bc72932fa959dc108900fafa', 2, 'drawer', -10000, '', '2016-10-10', '2016-10-10 23:46:48', 2, '2016-10-10 23:46:48', 2),
(463, 1, 2, '15e94a21bc72932fa959dc108900fafa', 2, 'drawer', 10000, '', '2016-10-10', '2016-10-10 23:46:48', 2, '2016-10-10 23:46:48', 2),
(464, 1, 29, '', 2, 'outgo', -10925, '', '2016-10-10', '2016-10-10 23:47:36', 2, '2016-10-10 23:47:36', 2),
(465, 1, 21, '', 2, 'outgo', -408, '', '2016-10-09', '2016-10-10 23:47:58', 2, '2016-10-10 23:47:58', 2),
(466, 1, 21, '', 2, 'outgo', -213, '', '2016-10-09', '2016-10-10 23:48:30', 2, '2016-10-10 23:48:30', 2),
(467, 1, 21, '', 2, 'outgo', -281, '', '2016-10-10', '2016-10-10 23:48:45', 2, '2016-10-10 23:48:45', 2),
(468, 1, 21, '', 2, 'outgo', -976, '', '2016-10-11', '2016-10-13 15:14:26', 2, '2016-10-13 15:14:26', 2),
(469, 1, 21, '', 2, 'outgo', -772, '', '2016-10-12', '2016-10-13 15:14:53', 2, '2016-10-13 15:14:53', 2),
(470, 1, 22, '', 2, 'outgo', -670, '', '2016-10-10', '2016-10-13 15:16:11', 2, '2016-10-13 15:16:11', 2),
(471, 2, 28, '', 2, 'outgo', -81077, '', '2016-10-26', '2016-10-13 15:31:52', 2, '2016-10-13 15:31:52', 2),
(472, 1, 23, '', 2, 'outgo', -2160, 'Bút chì màu', '2016-10-05', '2016-10-13 15:47:44', 2, '2016-10-13 15:47:44', 2),
(475, 2, 26, '', 2, 'income', 30957, 'Bù tiền mua đồ bằng credit', '2016-10-13', '2016-10-13 15:51:41', 2, '2016-10-13 15:51:41', 2),
(476, 1, 21, '', 2, 'outgo', -1332, '', '2016-10-13', '2016-10-14 09:51:01', 2, '2016-10-14 09:51:01', 2),
(477, 1, 22, '', 2, 'outgo', -1000, 'Nạp thẻ suica', '2016-10-13', '2016-10-14 09:52:02', 2, '2016-10-14 09:52:02', 2),
(478, 2, 1, '8cbc7c790d66ace219262faa6b3637b7', 2, 'drawer', -20000, '', '2016-10-13', '2016-10-14 09:52:48', 2, '2016-10-14 09:52:48', 2),
(479, 1, 2, '8cbc7c790d66ace219262faa6b3637b7', 2, 'drawer', 20000, '', '2016-10-13', '2016-10-14 09:52:48', 2, '2016-10-14 09:52:48', 2),
(481, 1, 21, '', 2, 'outgo', -507, '', '2016-10-15', '2016-10-16 23:26:45', 2, '2016-10-16 23:26:45', 2),
(482, 1, 21, '', 2, 'outgo', -400, '', '2016-10-16', '2016-10-16 23:27:28', 2, '2016-10-16 23:27:28', 2),
(483, 1, 21, '', 2, 'outgo', -2707, '', '2016-10-14', '2016-10-16 23:32:28', 2, '2016-10-16 23:32:28', 2),
(484, 1, 21, '', 2, 'outgo', -698, '', '2016-10-17', '2016-10-18 10:32:35', 2, '2016-10-18 10:32:35', 2),
(485, 1, 29, '', 2, 'outgo', -6445, 'Áo quần cho vợ', '2016-10-16', '2016-10-18 10:33:20', 2, '2016-10-18 10:33:20', 2),
(486, 1, 22, '', 2, 'outgo', -790, '', '2016-10-16', '2016-10-18 10:36:05', 2, '2016-10-18 10:36:05', 2),
(487, 1, 32, '', 2, 'outgo', -3452, 'Gửi bưu điện', '2016-10-18', '2016-10-18 12:01:29', 2, '2017-02-28 23:54:25', 1),
(488, 1, 21, '', 2, 'outgo', -440, '', '2016-10-20', '2016-10-21 19:30:27', 2, '2016-10-21 19:30:27', 2),
(490, 1, 21, '', 2, 'outgo', -756, '', '2016-10-19', '2016-10-21 19:32:56', 2, '2016-10-21 19:32:56', 2),
(491, 1, 21, '', 2, 'outgo', -2215, '', '2016-10-20', '2016-10-21 19:33:57', 2, '2016-10-21 19:33:57', 2),
(492, 1, 21, '', 2, 'outgo', -640, '', '2016-10-19', '2016-10-21 19:34:31', 2, '2016-10-21 19:34:31', 2),
(493, 1, 21, '', 2, 'outgo', -510, '', '2016-10-18', '2016-10-21 19:34:52', 2, '2016-10-21 19:34:52', 2),
(494, 1, 21, '', 2, 'outgo', -1072, '', '2016-10-18', '2016-10-21 19:35:05', 2, '2016-10-21 19:35:05', 2),
(495, 1, 32, '', 2, 'outgo', -1736, 'Gửi hành lý', '2016-11-10', '2016-11-11 08:31:37', 2, '2016-11-11 08:31:37', 2),
(496, 1, 22, '', 2, 'outgo', -1000, 'Nạp thẻ suica', '2016-11-10', '2016-11-11 08:32:15', 2, '2016-11-11 08:32:15', 2),
(497, 2, 24, '', 2, 'income', 90000, '', '2016-11-11', '2016-11-11 09:58:51', 2, '2016-11-11 09:58:51', 2),
(498, 2, 32, '', 2, 'outgo', -75000, 'Về Việt Nam', '2016-11-11', '2016-11-11 10:00:07', 2, '2016-11-13 18:45:59', 1),
(499, 2, 1, '86fee7d786b01b517eb8468b44c25b44', 2, 'drawer', -15000, '', '2016-11-11', '2016-11-11 10:01:25', 2, '2016-11-11 10:01:25', 2),
(500, 1, 2, '86fee7d786b01b517eb8468b44c25b44', 2, 'drawer', 15000, '', '2016-11-11', '2016-11-11 10:01:25', 2, '2016-11-11 10:01:25', 2),
(501, 1, 32, '', 1, 'outgo', -1736, 'Gửi hành lý', '2016-11-12', '2016-11-12 08:35:59', 1, '2016-11-12 08:35:59', 1),
(502, 2, 24, '', 1, 'income', 180000, '', '2016-11-13', '2016-11-12 19:51:15', 1, '2016-11-12 19:51:15', 1),
(503, 2, 25, '', 1, 'outgo', -1026, 'Internet Yahoo', '2016-10-27', '2016-11-12 20:04:24', 1, '2016-11-12 20:04:24', 1),
(504, 2, 25, '', 1, 'outgo', -2165, 'Gas', '2016-10-31', '2016-11-12 20:05:10', 1, '2016-11-12 20:05:10', 1),
(505, 2, 25, '', 1, 'outgo', -4482, 'Internet NTT', '2016-10-31', '2016-11-12 20:10:07', 1, '2016-11-12 20:10:07', 1),
(506, 2, 25, '', 1, 'outgo', -2049, 'Điện', '2016-11-07', '2016-11-12 20:16:51', 1, '2016-11-12 20:16:51', 1),
(507, 2, 25, '', 1, 'outgo', -5112, 'Nước', '2016-11-10', '2016-11-12 20:17:31', 1, '2016-11-12 20:17:31', 1),
(510, 1, 32, '', 1, 'outgo', -850, 'Gửi đồ Nhím', '2016-11-13', '2016-11-13 14:03:10', 1, '2016-11-13 14:03:10', 1),
(511, 1, 21, '', 1, 'outgo', -3125, '', '2016-11-13', '2016-11-13 14:35:41', 1, '2016-11-13 14:35:41', 1),
(514, 1, 21, '', 2, 'outgo', -1086, '', '2016-11-11', '2016-11-14 20:03:46', 2, '2016-11-14 20:03:46', 2),
(515, 1, 21, '', 2, 'outgo', -439, '', '2016-11-12', '2016-11-14 20:04:06', 2, '2016-11-14 20:04:06', 2),
(516, 1, 21, '', 2, 'outgo', -1786, '', '2016-11-13', '2016-11-14 20:04:57', 2, '2016-11-14 20:04:57', 2),
(517, 1, 22, '', 2, 'outgo', -730, 'Tiền taxi', '2016-11-10', '2016-11-14 20:05:16', 2, '2016-11-14 20:05:57', 2),
(518, 1, 21, '', 1, 'outgo', -500, '', '2016-11-14', '2016-11-14 20:27:37', 1, '2016-11-14 20:27:37', 1),
(519, 2, 28, '', 2, 'outgo', -47275, '', '2016-11-28', '2016-11-15 07:36:46', 2, '2016-11-15 08:17:26', 1),
(520, 1, 21, '', 1, 'outgo', -500, '', '2016-11-15', '2016-11-15 19:01:10', 1, '2016-11-15 19:01:10', 1),
(521, 1, 30, '', 1, 'outgo', -7821, 'Trả dùm em iu', '2016-11-15', '2016-11-15 20:01:10', 1, '2016-11-15 20:01:10', 1),
(522, 1, 21, '', 1, 'outgo', -600, '', '2016-11-16', '2016-11-16 18:52:20', 1, '2016-11-16 18:52:20', 1),
(523, 1, 21, '', 1, 'outgo', -1327, '', '2016-11-16', '2016-11-16 20:00:03', 1, '2016-11-16 20:00:03', 1),
(524, 1, 21, '', 1, 'outgo', -600, '', '2016-11-16', '2016-11-16 20:00:31', 1, '2016-11-16 20:00:31', 1),
(525, 1, 21, '', 2, 'outgo', -1942, '', '2016-11-16', '2016-11-16 20:43:11', 1, '2016-11-16 20:43:11', 1),
(526, 1, 21, '', 2, 'outgo', -391, '', '2016-11-16', '2016-11-16 20:43:30', 1, '2016-11-16 20:43:30', 1),
(527, 1, 21, '', 1, 'outgo', -500, '', '2016-11-17', '2016-11-17 14:49:57', 1, '2016-11-17 14:49:57', 1),
(528, 1, 21, '', 1, 'outgo', -530, '', '2016-11-18', '2016-11-18 12:27:31', 1, '2016-11-18 12:27:47', 1),
(529, 1, 27, '', 2, 'outgo', -5124, '', '2016-11-18', '2016-11-19 12:37:50', 1, '2016-11-19 12:37:50', 1),
(530, 1, 21, '', 1, 'outgo', -384, '', '2016-11-19', '2016-11-19 18:47:23', 1, '2016-11-19 18:47:23', 1),
(531, 1, 21, '', 1, 'outgo', -270, '', '2016-11-20', '2016-11-20 12:47:17', 1, '2016-11-20 12:47:17', 1),
(532, 2, 1, 'ad3f67f2814d1b1cd5ce2d8a1829fb4d', 1, 'drawer', -10000, '', '2016-11-20', '2016-11-20 22:06:22', 1, '2016-11-20 22:06:22', 1);
INSERT INTO `inout_records` (`id`, `account_id`, `category_id`, `pair_id`, `player`, `cash_flow`, `amount`, `memo`, `date`, `created_on`, `created_by`, `modified_on`, `modified_by`) VALUES
(533, 1, 2, 'ad3f67f2814d1b1cd5ce2d8a1829fb4d', 1, 'drawer', 10000, '', '2016-11-20', '2016-11-20 22:06:22', 1, '2016-11-20 22:06:22', 1),
(534, 1, 5, 'fba3b53b499e936890e75a09aeb89e47', 1, 'handover', -1000, '', '2016-11-20', '2016-11-20 23:12:43', 1, '2016-11-20 23:12:43', 1),
(535, 1, 6, 'fba3b53b499e936890e75a09aeb89e47', 2, 'handover', 1000, '', '2016-11-20', '2016-11-20 23:12:43', 1, '2016-11-20 23:12:43', 1),
(536, 1, 22, '', 2, 'outgo', -1000, 'Nạp thẻ suica', '2016-11-20', '2016-11-20 23:13:47', 1, '2016-11-20 23:13:47', 1),
(537, 1, 21, '', 1, 'outgo', -500, '', '2016-11-21', '2016-11-21 21:39:58', 1, '2016-11-21 21:39:58', 1),
(538, 1, 21, '', 1, 'outgo', -640, '', '2016-11-22', '2016-11-22 12:41:32', 1, '2016-11-22 12:41:32', 1),
(539, 1, 21, '', 1, 'outgo', -1216, '', '2016-11-23', '2016-11-23 14:22:39', 1, '2016-11-23 14:22:39', 1),
(540, 1, 21, '', 2, 'outgo', -1161, '', '2016-11-23', '2016-11-24 00:40:25', 2, '2016-11-24 00:40:25', 2),
(541, 1, 21, '', 2, 'outgo', -230, '', '2016-11-23', '2016-11-24 00:40:44', 2, '2016-11-24 00:40:44', 2),
(542, 1, 21, '', 2, 'outgo', -896, '', '2016-11-18', '2016-11-24 00:41:09', 2, '2016-11-24 00:41:09', 2),
(543, 1, 21, '', 2, 'outgo', -1942, '', '2016-11-16', '2016-11-24 00:41:28', 2, '2016-11-24 00:41:28', 2),
(544, 1, 21, '', 2, 'outgo', -229, '', '2016-11-17', '2016-11-24 00:41:53', 2, '2016-11-24 00:41:53', 2),
(545, 1, 21, '', 2, 'outgo', -1590, '', '2016-11-20', '2016-11-24 00:42:14', 2, '2016-11-24 00:42:14', 2),
(546, 1, 21, '', 2, 'outgo', -1683, '', '2016-11-21', '2016-11-24 00:42:41', 2, '2016-11-24 00:42:41', 2),
(547, 1, 21, '', 2, 'outgo', -1120, '', '2016-11-22', '2016-11-24 00:45:53', 2, '2016-11-24 00:45:53', 2),
(548, 1, 27, '', 2, 'outgo', -4990, 'Máy hút ẩm', '2016-11-23', '2016-11-24 00:46:35', 2, '2016-11-24 00:46:35', 2),
(549, 1, 21, '', 2, 'outgo', -319, '', '2016-11-16', '2016-11-24 00:47:00', 2, '2016-11-24 00:47:00', 2),
(550, 1, 21, '', 2, 'outgo', -515, '', '2016-11-19', '2016-11-24 00:47:21', 2, '2016-11-24 00:47:21', 2),
(551, 1, 21, '', 2, 'outgo', -1922, '', '2016-11-22', '2016-11-24 00:48:09', 2, '2016-11-24 00:48:09', 2),
(552, 1, 21, '', 2, 'outgo', -2401, '', '2016-11-23', '2016-11-24 00:48:36', 2, '2016-11-24 00:48:36', 2),
(553, 1, 21, '', 2, 'outgo', -259, '', '2016-11-23', '2016-11-24 00:49:13', 2, '2016-11-24 00:49:13', 2),
(554, 1, 21, '', 2, 'outgo', -2613, '', '2016-11-20', '2016-11-24 00:49:27', 2, '2016-11-24 00:49:27', 2),
(555, 1, 21, '', 2, 'outgo', -100, '', '2016-11-20', '2016-11-24 00:53:42', 2, '2016-11-24 00:53:42', 2),
(556, 1, 21, '', 1, 'outgo', -600, '', '2016-11-25', '2016-11-25 21:18:24', 1, '2016-11-25 21:18:24', 1),
(557, 1, 5, '6a958cd75462e9231929f8d90b1dc40a', 1, 'handover', -20000, '', '2016-11-26', '2016-11-26 11:02:12', 1, '2016-11-26 11:02:12', 1),
(558, 1, 6, '6a958cd75462e9231929f8d90b1dc40a', 2, 'handover', 20000, '', '2016-11-26', '2016-11-26 11:02:12', 1, '2016-11-26 11:02:12', 1),
(559, 1, 22, '', 1, 'outgo', -140, '', '2016-11-26', '2016-11-26 16:24:37', 1, '2016-11-26 16:24:37', 1),
(560, 1, 21, '', 1, 'outgo', -754, '', '2016-11-26', '2016-11-26 18:35:33', 1, '2016-11-26 18:35:33', 1),
(561, 1, 21, '', 1, 'outgo', -1226, '', '2016-11-26', '2016-11-26 18:35:51', 1, '2016-11-26 18:35:51', 1),
(562, 1, 21, '', 1, 'outgo', -601, '', '2016-11-26', '2016-11-26 18:36:03', 1, '2016-11-26 18:36:03', 1),
(563, 1, 27, '', 2, 'outgo', -40393, 'Máy trộn bột', '2016-11-26', '2016-11-27 09:53:21', 1, '2016-11-27 09:53:30', 1),
(564, 1, 21, '', 1, 'outgo', -220, '', '2016-11-27', '2016-11-27 12:10:39', 1, '2016-11-27 12:10:39', 1),
(565, 1, 21, '', 1, 'outgo', -500, '', '2016-11-28', '2016-11-28 20:40:49', 1, '2016-11-28 20:40:49', 1),
(566, 1, 21, '', 1, 'outgo', -163, '', '2016-11-29', '2016-11-29 21:54:18', 1, '2016-11-29 21:54:18', 1),
(567, 1, 21, '', 1, 'outgo', -600, '', '2016-11-29', '2016-11-29 21:54:26', 1, '2016-11-29 21:54:26', 1),
(568, 2, 1, 'f369b21aa520c26ecaf68f746c4f0e4d', 2, 'drawer', -50000, '', '2016-11-29', '2016-11-29 23:48:55', 2, '2016-11-29 23:48:55', 2),
(569, 1, 2, 'f369b21aa520c26ecaf68f746c4f0e4d', 2, 'drawer', 50000, '', '2016-11-29', '2016-11-29 23:48:55', 2, '2016-11-29 23:48:55', 2),
(570, 1, 21, '', 2, 'outgo', -525, '', '2016-11-29', '2016-11-29 23:54:37', 2, '2016-11-29 23:54:37', 2),
(571, 1, 21, '', 2, 'outgo', -1026, '', '2016-11-26', '2016-11-29 23:54:59', 2, '2016-11-29 23:58:52', 2),
(572, 1, 21, '', 2, 'outgo', -108, '', '2016-11-26', '2016-11-29 23:55:17', 2, '2016-11-29 23:55:17', 2),
(573, 1, 21, '', 2, 'outgo', -2195, '', '2016-11-24', '2016-11-29 23:55:44', 2, '2016-11-29 23:55:44', 2),
(574, 1, 21, '', 2, 'outgo', -279, '', '2016-11-24', '2016-11-29 23:56:02', 2, '2016-11-29 23:56:02', 2),
(575, 1, 21, '', 2, 'outgo', -2125, '', '2016-11-25', '2016-11-29 23:56:18', 2, '2016-11-29 23:56:35', 2),
(576, 1, 21, '', 2, 'outgo', -4581, '', '2016-11-26', '2016-11-29 23:57:07', 2, '2016-11-29 23:57:07', 2),
(577, 1, 21, '', 2, 'outgo', -1420, '', '2016-11-29', '2016-11-29 23:58:09', 2, '2016-11-29 23:58:09', 2),
(578, 1, 21, '', 2, 'outgo', -501, '', '2016-11-25', '2016-11-30 00:00:56', 2, '2016-11-30 00:00:56', 2),
(579, 2, 26, '', 1, 'income', 24297, 'Tiền công tác', '2016-11-24', '2016-11-30 00:07:20', 1, '2016-11-30 00:10:28', 1),
(580, 2, 25, '', 1, 'outgo', -1026, 'Internet Yahoo', '2016-11-29', '2016-11-30 00:08:11', 1, '2016-11-30 00:08:11', 1),
(581, 1, 21, '', 2, 'outgo', -1200, '', '2016-11-30', '2016-11-30 20:33:50', 1, '2016-11-30 22:35:50', 1),
(582, 2, 25, '', 1, 'outgo', -1424, 'Gas', '2016-11-30', '2016-11-30 22:20:16', 1, '2016-11-30 22:20:16', 1),
(583, 2, 25, '', 1, 'outgo', -4482, 'Internet NTT', '2016-11-30', '2016-11-30 22:20:46', 1, '2016-11-30 22:20:46', 1),
(584, 1, 21, '', 1, 'outgo', -600, '', '2016-11-30', '2016-11-30 22:22:06', 1, '2016-11-30 22:22:06', 1),
(585, 1, 30, '', 2, 'outgo', -8012, '', '2016-11-30', '2016-11-30 23:53:56', 2, '2016-11-30 23:53:56', 2),
(586, 1, 21, '', 1, 'outgo', -530, '', '2016-12-01', '2016-12-01 12:33:27', 1, '2016-12-01 12:33:27', 1),
(587, 1, 21, '', 1, 'outgo', -500, '', '2016-12-02', '2016-12-02 12:56:02', 1, '2016-12-02 12:56:02', 1),
(588, 1, 32, '', 1, 'outgo', -972, 'Giặt áo quần', '2016-12-03', '2016-12-03 11:44:34', 1, '2016-12-03 11:44:34', 1),
(589, 1, 21, '', 1, 'outgo', -1240, '', '2016-12-03', '2016-12-03 11:58:26', 1, '2016-12-03 11:58:26', 1),
(590, 1, 23, '', 2, 'outgo', -2789, 'Sinh nhật Nga', '2016-12-03', '2016-12-03 22:22:09', 2, '2016-12-04 09:57:28', 1),
(592, 1, 21, '', 2, 'outgo', -1063, '', '2016-12-02', '2016-12-03 22:22:48', 2, '2016-12-03 22:34:24', 2),
(593, 1, 21, '', 2, 'outgo', -1766, '', '2016-12-01', '2016-12-03 22:23:12', 2, '2016-12-03 22:23:12', 2),
(594, 1, 23, '', 2, 'outgo', -1620, 'Sinh nhật Nga', '2016-12-03', '2016-12-03 22:24:11', 2, '2016-12-04 09:57:47', 1),
(595, 1, 21, '', 2, 'outgo', -2647, '', '2016-12-02', '2016-12-03 22:24:56', 2, '2016-12-03 22:24:56', 2),
(596, 2, 1, '40cebc5a677e9078084657a08080a49f', 2, 'drawer', -35000, '', '2016-12-04', '2016-12-04 11:17:54', 1, '2016-12-04 11:17:54', 1),
(597, 1, 2, '40cebc5a677e9078084657a08080a49f', 2, 'drawer', 35000, '', '2016-12-04', '2016-12-04 11:17:54', 1, '2016-12-04 11:17:54', 1),
(598, 2, 24, '', 1, 'income', 146000, '', '2016-12-04', '2016-12-04 11:18:22', 1, '2016-12-04 11:24:37', 1),
(599, 2, 1, '22426659b784d3cb1e1f622253e05eb8', 1, 'drawer', -11000, '', '2016-12-04', '2016-12-04 11:19:15', 1, '2016-12-04 11:19:15', 1),
(600, 1, 2, '22426659b784d3cb1e1f622253e05eb8', 1, 'drawer', 11000, '', '2016-12-04', '2016-12-04 11:19:15', 1, '2016-12-04 11:19:15', 1),
(601, 1, 21, '', 1, 'outgo', -1945, '', '2016-12-04', '2016-12-04 12:35:44', 1, '2016-12-04 12:35:44', 1),
(602, 1, 22, '', 2, 'outgo', -2000, '', '2016-12-04', '2016-12-04 17:24:19', 2, '2016-12-04 17:24:19', 2),
(603, 1, 21, '', 1, 'outgo', -2116, '', '2016-12-04', '2016-12-04 19:02:40', 1, '2016-12-04 19:02:40', 1),
(604, 1, 21, '', 1, 'outgo', -690, '', '2016-12-05', '2016-12-05 14:27:48', 1, '2016-12-05 14:27:48', 1),
(605, 1, 21, '', 1, 'outgo', -500, '', '2016-12-06', '2016-12-06 19:03:23', 1, '2016-12-06 19:03:23', 1),
(606, 1, 21, '', 2, 'outgo', -214, '', '2016-12-04', '2016-12-07 12:10:20', 2, '2016-12-07 12:10:20', 2),
(607, 1, 21, '', 2, 'outgo', -443, '', '2016-12-05', '2016-12-07 12:10:37', 2, '2016-12-07 12:10:37', 2),
(608, 1, 27, '', 2, 'outgo', -851, '', '2016-12-05', '2016-12-07 12:10:59', 2, '2016-12-07 12:10:59', 2),
(609, 1, 24, '', 2, 'income', 30000, '', '2016-12-07', '2016-12-07 12:36:39', 2, '2016-12-07 12:36:39', 2),
(610, 1, 21, '', 1, 'outgo', -550, '', '2016-12-07', '2016-12-07 12:48:18', 1, '2016-12-07 12:48:18', 1),
(611, 1, 21, '', 1, 'outgo', -779, '', '2016-12-07', '2016-12-07 19:33:36', 1, '2016-12-07 19:33:36', 1),
(612, 1, 21, '', 1, 'outgo', -455, '', '2016-12-07', '2016-12-07 19:38:28', 1, '2016-12-07 19:38:28', 1),
(613, 2, 25, '', 1, 'outgo', -3074, 'Điện', '2016-12-07', '2016-12-07 21:07:05', 1, '2016-12-07 21:07:05', 1),
(614, 1, 21, '', 1, 'outgo', -600, '', '2016-12-08', '2016-12-08 20:52:27', 1, '2016-12-08 20:52:27', 1),
(615, 1, 21, '', 1, 'outgo', -500, '', '2016-12-09', '2016-12-09 12:34:41', 1, '2016-12-09 12:34:41', 1),
(616, 1, 21, '', 1, 'outgo', -140, '', '2016-12-10', '2016-12-10 10:59:55', 1, '2016-12-10 10:59:55', 1),
(617, 1, 21, '', 2, 'outgo', -1465, '', '2016-12-08', '2016-12-10 11:55:23', 2, '2016-12-10 11:55:23', 2),
(618, 1, 21, '', 2, 'outgo', -2158, '', '2016-12-09', '2016-12-10 11:55:50', 2, '2016-12-10 11:55:50', 2),
(619, 1, 21, '', 2, 'outgo', -1640, '', '2016-12-09', '2016-12-10 11:56:34', 2, '2016-12-10 11:56:34', 2),
(620, 1, 27, '', 1, 'outgo', -400, 'Muỗng gỗ cặp', '2016-12-10', '2016-12-10 16:19:23', 1, '2016-12-11 11:50:01', 1),
(621, 1, 21, '', 1, 'outgo', -450, '', '2016-12-10', '2016-12-10 16:28:40', 1, '2016-12-10 16:28:40', 1),
(622, 2, 24, '', 1, 'income', 300000, 'Thưởng', '2016-12-11', '2016-12-11 11:44:51', 1, '2016-12-11 11:47:24', 1),
(623, 2, 1, '577e39fda13abee8261f35cab700297a', 1, 'drawer', -10000, '', '2016-12-11', '2016-12-11 14:55:30', 1, '2016-12-11 14:55:30', 1),
(624, 1, 2, '577e39fda13abee8261f35cab700297a', 1, 'drawer', 10000, '', '2016-12-11', '2016-12-11 14:55:30', 1, '2016-12-11 14:55:30', 1),
(625, 1, 21, '', 1, 'outgo', -600, '', '2016-12-12', '2016-12-12 12:45:26', 1, '2016-12-12 12:45:26', 1),
(626, 1, 21, '', 2, 'outgo', -49, '', '2016-12-12', '2016-12-12 19:37:20', 2, '2016-12-12 19:37:20', 2),
(627, 1, 21, '', 2, 'outgo', -3402, '', '2016-12-10', '2016-12-12 19:38:31', 2, '2016-12-12 19:38:31', 2),
(628, 1, 21, '', 2, 'outgo', -409, '', '2016-12-11', '2016-12-12 19:38:48', 2, '2016-12-12 19:38:48', 2),
(629, 1, 21, '', 2, 'outgo', -3896, '', '2016-12-10', '2016-12-12 19:41:17', 2, '2016-12-12 19:41:17', 2),
(630, 1, 22, '', 2, 'outgo', -2000, '', '2016-12-10', '2016-12-13 11:13:10', 2, '2016-12-13 11:13:10', 2),
(631, 1, 21, '', 1, 'outgo', -690, '', '2016-12-13', '2016-12-13 19:26:17', 1, '2016-12-13 19:26:17', 1),
(632, 1, 21, '', 1, 'outgo', -496, '', '2016-12-13', '2016-12-13 19:37:51', 1, '2016-12-13 19:37:51', 1),
(633, 2, 28, '', 1, 'outgo', -11053, '', '2016-12-26', '2016-12-13 20:12:03', 1, '2016-12-17 12:37:59', 1),
(634, 1, 29, '', 2, 'outgo', -9404, 'Áo cho chồng', '2016-12-14', '2016-12-14 15:36:55', 2, '2016-12-14 19:11:55', 1),
(635, 1, 21, '', 1, 'outgo', -600, '', '2016-12-14', '2016-12-14 19:12:06', 1, '2016-12-14 19:12:06', 1),
(636, 1, 21, '', 2, 'outgo', -3024, '', '2016-12-14', '2016-12-15 11:07:48', 2, '2016-12-15 11:07:48', 2),
(637, 1, 21, '', 1, 'outgo', -500, '', '2016-12-15', '2016-12-15 12:52:00', 1, '2016-12-15 12:52:00', 1),
(638, 1, 21, '', 1, 'outgo', -700, '', '2016-12-16', '2016-12-16 16:59:17', 1, '2016-12-16 16:59:17', 1),
(639, 1, 36, '', 1, 'outgo', -2500, 'Nomikai', '2016-12-16', '2016-12-16 16:59:36', 1, '2017-02-26 23:14:23', 1),
(640, 1, 21, '', 1, 'outgo', -2244, '', '2016-12-18', '2016-12-18 13:28:39', 1, '2016-12-18 13:28:39', 1),
(641, 1, 21, '', 1, 'outgo', -2396, '', '2016-12-18', '2016-12-18 13:28:54', 1, '2016-12-18 13:28:54', 1),
(642, 1, 21, '', 1, 'outgo', -507, '', '2016-12-18', '2016-12-18 13:29:31', 1, '2016-12-18 13:29:31', 1),
(643, 1, 21, '', 2, 'outgo', -2099, '', '2016-12-15', '2016-12-19 07:51:56', 2, '2016-12-19 07:52:11', 2),
(644, 1, 21, '', 2, 'outgo', -1106, '', '2016-12-16', '2016-12-19 07:52:38', 2, '2016-12-19 07:52:38', 2),
(645, 1, 21, '', 2, 'outgo', -950, '', '2016-12-18', '2016-12-19 07:52:55', 2, '2016-12-19 07:52:55', 2),
(646, 1, 21, '', 2, 'outgo', -183, '', '2016-12-14', '2016-12-19 07:53:14', 2, '2016-12-19 07:53:14', 2),
(647, 1, 21, '', 2, 'outgo', -2841, '', '2016-12-14', '2016-12-19 07:53:29', 2, '2016-12-19 07:53:29', 2),
(648, 1, 21, '', 1, 'outgo', -500, '', '2016-12-19', '2016-12-19 19:44:16', 1, '2016-12-19 19:44:16', 1),
(649, 1, 21, '', 1, 'outgo', -490, '', '2016-12-20', '2016-12-20 12:15:11', 1, '2016-12-20 12:15:11', 1),
(650, 2, 1, '6213f2807f6c5959d9973e5a1cab20ba', 2, 'drawer', -20000, '', '2016-12-20', '2016-12-20 21:58:28', 1, '2016-12-20 21:58:28', 1),
(651, 1, 2, '6213f2807f6c5959d9973e5a1cab20ba', 2, 'drawer', 20000, '', '2016-12-20', '2016-12-20 21:58:28', 1, '2016-12-20 21:58:28', 1),
(652, 1, 21, '', 1, 'outgo', -690, '', '2016-12-21', '2016-12-21 12:09:02', 1, '2016-12-21 12:09:02', 1),
(653, 1, 5, 'e0c2dedf4cc85d61990cee6f9d31a52c', 2, 'handover', -11000, '', '2016-12-22', '2016-12-22 08:27:06', 1, '2016-12-22 08:27:06', 1),
(654, 1, 6, 'e0c2dedf4cc85d61990cee6f9d31a52c', 1, 'handover', 11000, '', '2016-12-22', '2016-12-22 08:27:06', 1, '2016-12-22 08:27:06', 1),
(655, 1, 21, '', 1, 'outgo', -500, '', '2016-12-22', '2016-12-22 20:22:36', 1, '2016-12-22 20:22:36', 1),
(656, 1, 21, '', 1, 'outgo', -421, '', '2016-12-23', '2016-12-23 16:37:13', 1, '2016-12-23 16:37:13', 1),
(657, 1, 21, '', 1, 'outgo', -4000, '', '2016-12-23', '2016-12-23 19:17:03', 1, '2016-12-23 19:17:03', 1),
(658, 1, 21, '', 1, 'outgo', -4601, '', '2016-12-24', '2016-12-24 14:37:49', 1, '2016-12-24 14:37:49', 1),
(659, 1, 21, '', 1, 'outgo', -2927, '', '2016-12-24', '2016-12-25 22:53:56', 1, '2016-12-25 22:53:56', 1),
(660, 1, 21, '', 1, 'outgo', -364, '', '2016-12-25', '2016-12-25 23:02:42', 1, '2016-12-25 23:02:42', 1),
(661, 1, 21, '', 1, 'outgo', -490, '', '2016-12-26', '2016-12-26 12:14:06', 1, '2016-12-26 12:14:06', 1),
(662, 1, 21, '', 1, 'outgo', -1587, '', '2016-12-26', '2016-12-26 21:06:23', 1, '2016-12-26 21:06:23', 1),
(663, 1, 22, '', 2, 'outgo', -2000, '', '2016-12-23', '2016-12-27 12:43:17', 2, '2016-12-27 12:43:17', 2),
(665, 1, 22, '', 2, 'outgo', -1000, 'Nạp thẻ suica', '2016-12-24', '2016-12-27 12:43:42', 2, '2017-01-02 00:23:57', 1),
(666, 2, 1, 'c003104265fda190e85734052fd17a77', 2, 'drawer', -40000, '', '2016-12-27', '2016-12-27 12:45:23', 2, '2016-12-27 12:45:23', 2),
(667, 1, 2, 'c003104265fda190e85734052fd17a77', 2, 'drawer', 40000, '', '2016-12-27', '2016-12-27 12:45:23', 2, '2016-12-27 12:45:23', 2),
(668, 1, 21, '', 1, 'outgo', -490, '', '2016-12-27', '2016-12-27 22:28:35', 1, '2016-12-27 22:28:35', 1),
(669, 1, 36, '', 1, 'outgo', -2000, 'Nomikai', '2016-12-27', '2016-12-27 22:29:17', 1, '2017-02-26 23:14:32', 1),
(670, 1, 21, '', 2, 'outgo', -1480, '', '2016-12-27', '2016-12-27 22:43:27', 2, '2016-12-27 22:43:27', 2),
(671, 1, 21, '', 2, 'outgo', -940, '', '2016-12-27', '2016-12-27 22:43:55', 2, '2016-12-27 22:43:55', 2),
(672, 1, 21, '', 2, 'outgo', -324, '', '2016-12-24', '2016-12-27 22:44:27', 2, '2016-12-27 22:44:27', 2),
(673, 1, 21, '', 2, 'outgo', -1546, '', '2016-12-20', '2016-12-27 22:44:52', 2, '2016-12-27 22:44:52', 2),
(674, 1, 21, '', 2, 'outgo', -1232, '', '2016-12-24', '2016-12-27 22:45:15', 2, '2016-12-27 22:45:15', 2),
(675, 1, 21, '', 2, 'outgo', -1944, '', '2016-12-23', '2016-12-27 22:45:42', 2, '2016-12-27 22:45:42', 2),
(676, 1, 21, '', 2, 'outgo', -1844, '', '2016-12-22', '2016-12-27 22:46:12', 2, '2016-12-27 22:46:12', 2),
(677, 1, 21, '', 2, 'outgo', -184, '', '2016-12-19', '2016-12-27 22:46:50', 2, '2016-12-27 22:46:50', 2),
(678, 1, 21, '', 2, 'outgo', -149, '', '2016-12-20', '2016-12-27 22:47:14', 2, '2016-12-27 22:47:14', 2),
(679, 1, 21, '', 2, 'outgo', -540, '', '2016-12-19', '2016-12-27 22:47:36', 2, '2016-12-27 22:47:36', 2),
(680, 1, 21, '', 2, 'outgo', -254, '', '2016-12-26', '2016-12-27 22:48:03', 2, '2016-12-27 22:48:03', 2),
(681, 1, 21, '', 2, 'outgo', -1766, '', '2016-12-24', '2016-12-27 22:48:25', 2, '2016-12-27 22:48:25', 2),
(682, 1, 21, '', 1, 'outgo', -600, '', '2016-12-28', '2016-12-28 12:47:34', 1, '2016-12-28 12:47:34', 1),
(683, 1, 21, '', 1, 'outgo', -671, '', '2016-12-29', '2016-12-29 11:42:35', 1, '2016-12-29 11:42:35', 1),
(684, 1, 21, '', 1, 'outgo', -1900, '', '2016-12-30', '2016-12-30 13:07:28', 1, '2016-12-30 13:07:28', 1),
(685, 1, 21, '', 1, 'outgo', -238, '', '2016-12-30', '2016-12-30 13:07:46', 1, '2016-12-30 13:07:46', 1),
(686, 1, 21, '', 1, 'outgo', -1950, '', '2016-12-30', '2016-12-30 13:07:57', 1, '2016-12-30 13:07:57', 1),
(687, 2, 25, '', 1, 'outgo', -1026, 'Internet Yahoo', '2016-12-27', '2016-12-30 17:31:51', 1, '2016-12-30 17:31:51', 1),
(688, 1, 21, '', 2, 'outgo', -3487, '', '2016-12-30', '2016-12-30 21:41:17', 2, '2016-12-30 21:41:17', 2),
(689, 1, 21, '', 1, 'outgo', -308, '', '2016-12-31', '2016-12-31 14:52:07', 1, '2016-12-31 14:52:07', 1),
(690, 1, 21, '', 1, 'outgo', -390, '', '2016-12-31', '2016-12-31 15:09:22', 1, '2017-01-31 00:11:31', 1),
(691, 1, 21, '', 1, 'outgo', -113, '', '2017-01-01', '2017-01-01 14:32:10', 1, '2017-01-01 22:31:46', 1),
(692, 1, 22, '', 1, 'outgo', -180, '', '2017-01-01', '2017-01-01 17:50:14', 1, '2017-01-01 17:50:14', 1),
(700, 2, 1, '2e8efc641a0476799e88df63aa56fdff', 1, 'drawer', -20000, '', '2017-01-02', '2017-01-02 10:56:43', 1, '2017-01-02 10:56:43', 1),
(701, 1, 2, '2e8efc641a0476799e88df63aa56fdff', 1, 'drawer', 20000, '', '2017-01-02', '2017-01-02 10:56:43', 1, '2017-01-02 10:56:43', 1),
(702, 1, 22, '', 1, 'outgo', -2000, 'Trả dùm em iu', '2017-01-02', '2017-01-02 11:21:53', 1, '2017-01-03 23:21:54', 1),
(703, 1, 32, '', 2, 'outgo', -20000, 'Cho Nhím đi thi đại học', '2017-01-02', '2017-01-02 11:30:26', 2, '2017-01-02 12:24:53', 1),
(704, 2, 1, '46d7960d0fe34d214b2eee64b11fc95f', 2, 'drawer', -30000, '', '2017-01-02', '2017-01-02 11:31:00', 2, '2017-01-02 11:31:00', 2),
(705, 1, 2, '46d7960d0fe34d214b2eee64b11fc95f', 2, 'drawer', 30000, '', '2017-01-02', '2017-01-02 11:31:00', 2, '2017-01-02 11:31:00', 2),
(706, 1, 21, '', 2, 'outgo', -1410, '', '2017-01-02', '2017-01-02 16:29:23', 2, '2017-01-02 19:42:35', 1),
(708, 1, 30, '', 2, 'outgo', -8467, '', '2016-12-26', '2017-01-03 22:58:54', 2, '2017-01-03 23:06:39', 2),
(709, 1, 21, '', 1, 'outgo', -1907, '', '2017-01-02', '2017-01-04 13:50:45', 1, '2017-01-04 13:50:45', 1),
(710, 2, 24, '', 1, 'income', 190000, '', '2017-01-04', '2017-01-04 15:19:32', 1, '2017-01-04 15:19:32', 1),
(711, 2, 25, '', 1, 'outgo', -2777, 'Gas', '2017-01-04', '2017-01-04 15:47:19', 1, '2017-01-04 15:47:30', 1),
(712, 2, 25, '', 1, 'outgo', -4482, 'Internet NTT', '2017-01-04', '2017-01-04 15:48:24', 1, '2017-01-04 15:48:24', 1),
(713, 1, 21, '', 2, 'outgo', -8605, '', '2017-01-04', '2017-01-04 17:05:56', 2, '2017-01-04 17:05:56', 2),
(714, 1, 21, '', 2, 'outgo', -3073, '', '2017-01-03', '2017-01-04 17:06:17', 2, '2017-01-04 17:06:17', 2),
(715, 1, 21, '', 2, 'outgo', -1779, '', '2016-12-31', '2017-01-04 17:06:40', 2, '2017-01-04 17:06:40', 2),
(716, 1, 21, '', 2, 'outgo', -410, '', '2017-01-04', '2017-01-04 17:06:58', 2, '2017-01-04 17:06:58', 2),
(717, 1, 21, '', 2, 'outgo', -1325, '', '2017-01-01', '2017-01-04 17:07:25', 2, '2017-01-04 17:07:25', 2),
(718, 1, 21, '', 2, 'outgo', -2779, '', '2016-12-31', '2017-01-04 17:07:53', 2, '2017-01-04 17:07:53', 2),
(719, 1, 21, '', 2, 'outgo', -2779, '', '2016-12-31', '2017-01-04 17:08:17', 2, '2017-01-04 17:08:17', 2),
(720, 1, 21, '', 2, 'outgo', -311, '', '2016-12-31', '2017-01-04 17:08:37', 2, '2017-01-04 17:09:08', 2),
(721, 1, 21, '', 2, 'outgo', -3373, '', '2016-12-29', '2017-01-04 17:09:33', 2, '2017-01-04 17:09:33', 2),
(722, 1, 21, '', 2, 'outgo', -51, '', '2016-12-28', '2017-01-04 17:10:05', 2, '2017-01-04 17:10:05', 2),
(723, 1, 21, '', 2, 'outgo', -866, '', '2016-12-28', '2017-01-04 17:10:35', 2, '2017-01-04 17:10:35', 2),
(724, 1, 21, '', 2, 'outgo', -4601, '', '2016-12-24', '2017-01-04 17:11:14', 2, '2017-01-04 17:11:14', 2),
(725, 1, 21, '', 1, 'outgo', -700, '', '2017-01-05', '2017-01-05 12:28:40', 1, '2017-01-05 12:28:40', 1),
(726, 1, 21, '', 2, 'outgo', -1328, '', '2017-01-05', '2017-01-05 19:32:13', 2, '2017-01-05 19:32:13', 2),
(727, 1, 21, '', 1, 'outgo', -500, '', '2017-01-06', '2017-01-06 12:50:44', 1, '2017-01-06 12:50:44', 1),
(728, 1, 21, '', 1, 'outgo', -1700, '', '2017-01-07', '2017-01-07 13:59:53', 1, '2017-01-07 13:59:53', 1),
(729, 1, 21, '', 1, 'outgo', -457, '', '2017-01-07', '2017-01-07 14:50:53', 1, '2017-01-07 14:50:53', 1),
(730, 2, 24, '', 2, 'income', 80000, '', '2017-01-07', '2017-01-07 20:48:52', 2, '2017-01-07 20:49:10', 2),
(731, 2, 1, 'e85a3d328858672d1c1d4fc290e163b7', 2, 'drawer', -20000, '', '2017-01-07', '2017-01-07 20:49:27', 2, '2017-01-07 20:49:27', 2),
(732, 1, 2, 'e85a3d328858672d1c1d4fc290e163b7', 2, 'drawer', 20000, '', '2017-01-07', '2017-01-07 20:49:27', 2, '2017-01-07 20:49:27', 2),
(733, 1, 21, '', 1, 'outgo', -129, '', '2017-01-07', '2017-01-07 22:12:42', 1, '2017-01-07 22:12:42', 1),
(734, 1, 21, '', 1, 'outgo', -600, '', '2017-01-10', '2017-01-10 19:21:32', 1, '2017-01-10 19:21:32', 1),
(735, 1, 21, '', 1, 'outgo', -581, '', '2017-01-10', '2017-01-10 19:34:14', 1, '2017-01-10 19:34:14', 1),
(736, 1, 21, '', 2, 'outgo', -1090, '', '2017-01-10', '2017-01-10 23:42:06', 2, '2017-01-10 23:42:06', 2),
(737, 1, 21, '', 2, 'outgo', -1577, '', '2017-01-08', '2017-01-10 23:42:29', 2, '2017-01-10 23:42:29', 2),
(738, 1, 21, '', 2, 'outgo', -257, '', '2017-01-07', '2017-01-10 23:42:49', 2, '2017-01-10 23:42:49', 2),
(739, 1, 21, '', 2, 'outgo', -724, '', '2017-01-07', '2017-01-10 23:43:11', 2, '2017-01-10 23:43:11', 2),
(740, 1, 32, '', 2, 'outgo', -3132, 'Quà sinh nhật chị Thanh', '2017-01-07', '2017-01-10 23:44:08', 2, '2017-01-10 23:44:08', 2),
(741, 1, 21, '', 2, 'outgo', -533, '', '2017-01-06', '2017-01-10 23:44:32', 2, '2017-01-10 23:50:27', 1),
(742, 1, 21, '', 2, 'outgo', -565, '', '2017-01-06', '2017-01-10 23:45:00', 2, '2017-01-10 23:45:00', 2),
(743, 1, 21, '', 2, 'outgo', -626, '', '2017-01-07', '2017-01-10 23:45:20', 2, '2017-01-10 23:45:20', 2),
(744, 1, 21, '', 2, 'outgo', -2706, '', '2017-01-09', '2017-01-10 23:45:47', 2, '2017-01-10 23:45:47', 2),
(745, 1, 21, '', 1, 'outgo', -980, '', '2017-01-11', '2017-01-11 17:58:41', 1, '2017-01-11 17:58:41', 1),
(746, 1, 21, '', 1, 'outgo', -720, '', '2017-01-11', '2017-01-11 18:40:45', 1, '2017-01-11 18:40:45', 1),
(747, 1, 21, '', 1, 'outgo', -600, '', '2017-01-12', '2017-01-12 19:24:51', 1, '2017-01-12 19:24:51', 1),
(748, 1, 21, '', 1, 'outgo', -110, '', '2017-01-08', '2017-01-12 19:33:16', 1, '2017-01-12 19:33:16', 1),
(749, 1, 21, '', 2, 'outgo', -2721, '', '2017-01-12', '2017-01-12 23:54:32', 2, '2017-01-12 23:54:32', 2),
(750, 1, 21, '', 1, 'outgo', -690, '', '2017-01-13', '2017-01-13 18:15:01', 1, '2017-01-13 18:15:01', 1),
(751, 1, 21, '', 2, 'outgo', -653, '', '2017-01-13', '2017-01-13 19:24:56', 2, '2017-01-13 19:24:56', 2),
(752, 2, 28, '', 1, 'outgo', -73180, '', '2017-01-26', '2017-01-13 19:40:49', 1, '2017-01-13 19:40:49', 1),
(753, 1, 32, '', 1, 'outgo', -870, 'Mụa kẹo về Việt Nam', '2017-01-14', '2017-01-14 11:20:19', 1, '2017-01-14 11:20:19', 1),
(754, 1, 32, '', 1, 'outgo', -1900, 'Cắt tóc', '2017-01-14', '2017-01-14 13:22:45', 1, '2017-01-14 13:22:45', 1),
(755, 1, 21, '', 1, 'outgo', -1311, '', '2017-01-14', '2017-01-14 13:24:27', 1, '2017-01-14 13:24:27', 1),
(756, 1, 32, '', 1, 'outgo', -537, '', '2017-01-15', '2017-01-15 11:40:43', 1, '2017-01-15 11:40:43', 1),
(757, 1, 21, '', 1, 'outgo', -954, '', '2017-01-15', '2017-01-15 17:11:03', 1, '2017-01-15 17:11:03', 1),
(758, 1, 21, '', 1, 'outgo', -600, '', '2017-01-16', '2017-01-16 20:14:30', 1, '2017-01-16 20:14:30', 1),
(759, 1, 21, '', 1, 'outgo', -450, '', '2017-01-17', '2017-01-17 12:21:37', 1, '2017-01-17 12:21:37', 1),
(760, 1, 5, '2ee78645ec9a9c7759dd9376dd93a017', 2, 'handover', -5000, '', '2017-01-17', '2017-01-17 22:30:46', 1, '2017-01-17 22:30:46', 1),
(761, 1, 6, '2ee78645ec9a9c7759dd9376dd93a017', 1, 'handover', 5000, '', '2017-01-17', '2017-01-17 22:30:46', 1, '2017-01-17 22:30:46', 1),
(762, 1, 21, '', 1, 'outgo', -600, '', '2017-01-18', '2017-01-18 12:53:43', 1, '2017-01-18 12:53:43', 1),
(763, 1, 21, '', 1, 'outgo', -916, '', '2017-01-18', '2017-01-18 18:57:29', 1, '2017-01-18 18:57:29', 1),
(764, 1, 21, '', 1, 'outgo', -600, '', '2017-01-19', '2017-01-19 19:43:49', 1, '2017-01-19 19:43:49', 1),
(765, 2, 1, 'f62bd528f0cc6bb89d19d1f8f50d4b3e', 2, 'drawer', -30000, '', '2017-01-19', '2017-01-19 21:54:56', 2, '2017-01-19 21:54:56', 2),
(766, 1, 2, 'f62bd528f0cc6bb89d19d1f8f50d4b3e', 2, 'drawer', 30000, '', '2017-01-19', '2017-01-19 21:54:56', 2, '2017-01-19 21:54:56', 2),
(767, 1, 21, '', 1, 'outgo', -600, '', '2017-01-20', '2017-01-20 12:55:36', 1, '2017-01-20 12:55:36', 1),
(768, 1, 21, '', 1, 'outgo', -567, '', '2017-01-22', '2017-01-22 18:49:00', 1, '2017-01-22 18:49:00', 1),
(769, 1, 5, '60719ff604822b01fa35b506ad3d9dcc', 2, 'handover', -10000, '', '2017-01-23', '2017-01-23 12:06:59', 1, '2017-01-23 12:06:59', 1),
(770, 1, 6, '60719ff604822b01fa35b506ad3d9dcc', 1, 'handover', 10000, '', '2017-01-23', '2017-01-23 12:06:59', 1, '2017-01-23 12:06:59', 1),
(771, 1, 21, '', 1, 'outgo', -600, '', '2017-01-23', '2017-01-23 12:32:28', 1, '2017-01-23 12:32:28', 1),
(772, 1, 21, '', 1, 'outgo', -883, '', '2017-01-23', '2017-01-23 20:02:32', 1, '2017-01-23 20:02:32', 1),
(773, 1, 21, '', 2, 'outgo', -785, '', '2017-01-22', '2017-01-23 21:53:53', 2, '2017-01-23 21:53:53', 2),
(774, 1, 21, '', 2, 'outgo', -1508, '', '2017-01-15', '2017-01-23 21:54:28', 2, '2017-01-23 21:54:28', 2),
(775, 1, 21, '', 2, 'outgo', -925, '', '2017-01-17', '2017-01-23 21:55:26', 2, '2017-01-23 21:55:26', 2),
(776, 1, 21, '', 2, 'outgo', -645, '', '2017-01-17', '2017-01-23 21:55:58', 2, '2017-01-23 21:57:57', 2),
(777, 1, 21, '', 2, 'outgo', -178, '', '2017-01-16', '2017-01-23 21:56:43', 2, '2017-01-23 21:56:43', 2),
(778, 1, 21, '', 2, 'outgo', -1766, '', '2017-01-16', '2017-01-23 21:57:12', 2, '2017-01-23 21:57:12', 2),
(779, 1, 27, '', 2, 'outgo', -267, '', '2017-01-17', '2017-01-23 21:58:36', 2, '2017-01-23 21:58:36', 2),
(780, 1, 21, '', 2, 'outgo', -158, '', '2017-01-21', '2017-01-23 21:58:57', 2, '2017-01-23 21:58:57', 2),
(781, 1, 21, '', 2, 'outgo', -5524, '', '2017-01-21', '2017-01-23 21:59:14', 2, '2017-01-23 21:59:14', 2),
(782, 1, 21, '', 2, 'outgo', -1206, '', '2017-01-19', '2017-01-23 21:59:35', 2, '2017-01-23 21:59:35', 2),
(783, 1, 21, '', 2, 'outgo', -2876, '', '2017-01-20', '2017-01-23 22:00:01', 2, '2017-01-23 22:00:01', 2),
(784, 1, 21, '', 2, 'outgo', -1348, '', '2017-01-23', '2017-01-23 22:00:29', 2, '2017-01-23 22:00:29', 2),
(785, 1, 27, '', 2, 'outgo', -861, '', '2017-01-17', '2017-01-23 22:00:55', 2, '2017-01-23 22:00:55', 2),
(786, 1, 32, '', 2, 'outgo', -4500, 'Cắt tóc', '2017-01-17', '2017-01-23 22:01:49', 2, '2017-01-23 22:01:49', 2),
(787, 1, 21, '', 1, 'outgo', -600, '', '2017-01-24', '2017-01-24 12:49:21', 1, '2017-01-24 12:49:21', 1),
(788, 1, 21, '', 1, 'outgo', -700, '', '2017-01-25', '2017-01-25 12:24:22', 1, '2017-01-25 12:24:22', 1),
(789, 1, 21, '', 2, 'outgo', -24860, '', '2017-01-25', '2017-01-25 20:00:26', 2, '2017-01-25 20:00:26', 2),
(790, 1, 21, '', 2, 'outgo', -1376, '', '2017-01-24', '2017-01-25 20:00:52', 2, '2017-01-25 20:00:52', 2),
(791, 1, 21, '', 2, 'outgo', -156, '', '2017-01-24', '2017-01-25 20:01:20', 2, '2017-01-25 20:01:20', 2),
(792, 1, 21, '', 2, 'outgo', -3964, '', '2017-01-24', '2017-01-25 20:01:52', 2, '2017-01-25 20:01:52', 2),
(793, 1, 21, '', 2, 'outgo', -236, '', '2017-01-25', '2017-01-25 20:02:23', 2, '2017-01-25 20:02:23', 2),
(795, 2, 1, '67dfc85549a841eac61f31c0ac67db08', 2, 'drawer', -80000, '', '2017-01-25', '2017-01-25 20:03:51', 2, '2017-01-25 20:03:51', 2),
(796, 1, 2, '67dfc85549a841eac61f31c0ac67db08', 2, 'drawer', 80000, '', '2017-01-25', '2017-01-25 20:03:51', 2, '2017-01-25 20:03:51', 2),
(797, 1, 5, '299108151d16a25d8210a2a0be7d92df', 2, 'handover', -30000, '', '2017-01-25', '2017-01-25 20:04:30', 2, '2017-01-25 20:04:30', 2),
(798, 1, 6, '299108151d16a25d8210a2a0be7d92df', 1, 'handover', 30000, '', '2017-01-25', '2017-01-25 20:04:30', 2, '2017-01-25 20:04:30', 2),
(799, 1, 21, '', 2, 'outgo', -5500, 'Mỹ phẩm', '2017-01-25', '2017-01-25 20:05:20', 2, '2017-01-25 20:05:20', 2),
(800, 1, 21, '', 1, 'outgo', -600, '', '2017-01-26', '2017-01-26 23:19:54', 1, '2017-01-26 23:19:54', 1),
(801, 1, 21, '', 1, 'outgo', -500, '', '2017-01-27', '2017-01-27 21:01:04', 1, '2017-01-27 21:01:04', 1),
(802, 2, 25, '', 1, 'outgo', -7097, 'Điện', '2017-01-11', '2017-01-28 00:01:30', 1, '2017-01-28 00:01:49', 1),
(803, 1, 32, '', 1, 'outgo', -540, 'Phong bì lì xì', '2017-01-28', '2017-01-28 11:51:38', 1, '2017-01-28 11:51:38', 1),
(804, 1, 32, '', 1, 'outgo', -10000, 'Lì xì Teen', '2017-01-28', '2017-01-28 11:53:55', 1, '2017-01-28 11:53:55', 1),
(805, 1, 27, '', 1, 'outgo', -972, '', '2017-01-29', '2017-01-29 13:31:46', 1, '2017-01-29 13:31:46', 1),
(806, 1, 21, '', 1, 'outgo', -640, '', '2017-01-29', '2017-01-29 13:31:55', 1, '2017-01-29 13:31:55', 1),
(807, 2, 24, '', 1, 'income', 160000, '', '2017-02-01', '2017-01-29 13:35:49', 1, '2017-01-29 13:35:49', 1),
(808, 1, 21, '', 1, 'outgo', -386, '', '2017-01-29', '2017-01-29 13:44:12', 1, '2017-01-30 00:37:49', 1),
(814, 1, 21, '', 1, 'outgo', -600, '', '2017-01-30', '2017-01-30 12:45:07', 1, '2017-01-30 12:45:07', 1),
(815, 1, 21, '', 1, 'outgo', -230, '', '2017-01-30', '2017-01-30 19:59:02', 1, '2017-01-30 19:59:02', 1),
(816, 1, 21, '', 1, 'outgo', -640, '', '2017-01-30', '2017-01-30 21:55:57', 1, '2017-01-30 21:55:57', 1),
(817, 1, 21, '', 1, 'outgo', -880, '', '2017-01-31', '2017-01-31 12:57:44', 1, '2017-01-31 12:57:44', 1),
(818, 1, 21, '', 1, 'outgo', -470, '', '2017-01-31', '2017-01-31 21:11:04', 1, '2017-01-31 21:11:04', 1),
(819, 2, 25, '', 1, 'outgo', -1026, 'Internet Yahoo', '2017-01-26', '2017-01-31 22:27:59', 1, '2017-01-31 22:27:59', 1),
(820, 2, 25, '', 1, 'outgo', -3493, 'Gas', '2017-01-31', '2017-01-31 22:28:28', 1, '2017-01-31 22:28:28', 1),
(821, 2, 25, '', 1, 'outgo', -4482, 'Internet NTT', '2017-01-31', '2017-01-31 22:28:59', 1, '2017-01-31 22:28:59', 1),
(822, 2, 25, '', 1, 'outgo', -4340, 'Nước', '2017-01-16', '2017-01-31 22:31:07', 1, '2017-01-31 22:31:07', 1),
(823, 1, 21, '', 1, 'outgo', -690, '', '2017-02-01', '2017-02-01 12:43:30', 1, '2017-02-01 12:43:30', 1),
(824, 1, 21, '', 1, 'outgo', -537, '', '2017-02-01', '2017-02-01 18:46:13', 1, '2017-02-01 18:46:13', 1),
(825, 1, 21, '', 1, 'outgo', -1319, '', '2017-02-01', '2017-02-01 18:59:22', 1, '2017-02-01 18:59:22', 1),
(826, 1, 32, '', 1, 'outgo', -1060, 'Gửi đồ Khôi', '2017-02-02', '2017-02-02 13:30:00', 1, '2017-02-02 13:30:00', 1),
(827, 1, 21, '', 1, 'outgo', -575, '', '2017-02-02', '2017-02-02 17:46:48', 1, '2017-02-02 17:46:48', 1),
(829, 1, 21, '', 2, 'outgo', -98, '', '2017-02-02', '2017-02-02 21:09:46', 1, '2017-02-02 21:09:46', 1),
(830, 1, 22, '', 2, 'outgo', -1720, '', '2017-02-01', '2017-02-02 21:11:41', 1, '2017-02-08 17:40:21', 2),
(831, 1, 21, '', 1, 'outgo', -600, '', '2017-02-03', '2017-02-03 19:22:16', 1, '2017-02-03 19:22:16', 1),
(832, 1, 32, '', 1, 'outgo', -972, 'Giặt áo quần', '2017-02-04', '2017-02-04 18:12:47', 1, '2017-02-04 18:12:47', 1),
(833, 2, 28, '', 1, 'outgo', -79882, '', '2017-02-27', '2017-02-04 18:16:46', 1, '2017-02-04 18:16:46', 1),
(834, 1, 32, '', 2, 'outgo', -1700, 'Gửi hành lý', '2017-02-01', '2017-02-04 19:25:30', 1, '2017-02-08 20:38:25', 1),
(836, 1, 22, '', 2, 'outgo', -1000, '', '2017-02-05', '2017-02-05 20:26:49', 1, '2017-02-05 20:26:49', 1),
(837, 1, 21, '', 2, 'outgo', -528, '', '2017-02-05', '2017-02-05 20:38:25', 1, '2017-02-05 20:38:25', 1),
(838, 1, 21, '', 1, 'outgo', -790, '', '2017-02-06', '2017-02-06 12:47:42', 1, '2017-02-06 12:47:42', 1),
(840, 1, 21, '', 2, 'outgo', -1024, '', '2017-02-05', '2017-02-08 17:19:05', 2, '2017-02-08 17:26:44', 2),
(841, 1, 21, '', 2, 'outgo', -1667, '', '2017-02-03', '2017-02-08 17:19:13', 2, '2017-02-08 17:19:13', 2),
(843, 1, 21, '', 2, 'outgo', -278, '', '2017-02-06', '2017-02-08 17:19:43', 2, '2017-02-08 17:19:43', 2),
(844, 1, 21, '', 2, 'outgo', -1014, '', '2017-02-02', '2017-02-08 17:20:07', 2, '2017-02-08 17:20:07', 2),
(845, 1, 21, '', 2, 'outgo', -1721, '', '2017-02-07', '2017-02-08 17:20:41', 2, '2017-02-08 17:20:41', 2),
(846, 1, 21, '', 2, 'outgo', -138, '', '2017-02-07', '2017-02-08 17:20:48', 2, '2017-02-08 17:20:48', 2),
(847, 1, 30, '', 2, 'outgo', -8096, '', '2017-01-26', '2017-02-08 17:38:38', 2, '2017-02-08 17:38:38', 2),
(848, 1, 21, '', 1, 'outgo', -192, '', '2017-02-08', '2017-02-08 19:18:11', 1, '2017-02-08 19:18:11', 1),
(849, 1, 21, '', 2, 'outgo', -281, '', '2017-02-09', '2017-02-09 21:07:29', 2, '2017-02-09 21:07:29', 2),
(850, 1, 21, '', 2, 'outgo', -1668, '', '2017-02-09', '2017-02-09 21:07:46', 2, '2017-02-09 21:07:46', 2),
(851, 1, 21, '', 1, 'outgo', -500, '', '2017-02-10', '2017-02-10 12:49:09', 1, '2017-02-10 12:49:09', 1),
(852, 1, 21, '', 1, 'outgo', -172, '', '2017-02-10', '2017-02-10 19:34:48', 1, '2017-02-10 19:34:48', 1),
(853, 1, 21, '', 1, 'outgo', -1186, '', '2017-02-10', '2017-02-10 19:34:58', 1, '2017-02-10 19:34:58', 1),
(854, 1, 21, '', 1, 'outgo', -353, '', '2017-02-10', '2017-02-10 19:35:09', 1, '2017-02-10 19:35:09', 1),
(855, 2, 24, '', 2, 'income', 80000, '', '2017-02-10', '2017-02-11 00:18:41', 2, '2017-02-11 13:36:54', 1),
(856, 2, 1, 'b9cec0837ab3a690a08720e7be4eb211', 2, 'drawer', -20000, '', '2017-02-11', '2017-02-11 00:19:24', 2, '2017-02-11 00:19:24', 2),
(857, 1, 2, 'b9cec0837ab3a690a08720e7be4eb211', 2, 'drawer', 20000, '', '2017-02-11', '2017-02-11 00:19:24', 2, '2017-02-11 00:19:24', 2),
(858, 1, 21, '', 2, 'outgo', -238, '', '2017-02-10', '2017-02-11 00:23:20', 1, '2017-02-11 00:23:20', 1),
(859, 1, 5, '8e8050872a9546d42b2487cb9fad35d7', 2, 'handover', -10000, '', '2017-02-11', '2017-02-11 11:59:03', 1, '2017-02-11 11:59:03', 1),
(860, 1, 6, '8e8050872a9546d42b2487cb9fad35d7', 1, 'handover', 10000, '', '2017-02-11', '2017-02-11 11:59:03', 1, '2017-02-11 11:59:03', 1),
(861, 1, 21, '', 1, 'outgo', -278, '', '2017-02-11', '2017-02-11 13:00:15', 1, '2017-02-11 13:00:15', 1),
(862, 1, 21, '', 1, 'outgo', -1412, '', '2017-02-11', '2017-02-11 13:00:25', 1, '2017-02-11 13:00:25', 1),
(863, 1, 21, '', 1, 'outgo', -4542, '', '2017-02-11', '2017-02-11 20:23:48', 1, '2017-02-11 21:21:54', 1),
(864, 1, 22, '', 1, 'outgo', -100, '', '2017-02-11', '2017-02-11 20:48:26', 1, '2017-02-11 20:48:26', 1),
(867, 1, 21, '', 2, 'outgo', -1330, '', '2017-02-11', '2017-02-11 21:17:04', 1, '2017-02-11 21:17:04', 1),
(868, 1, 21, '', 2, 'outgo', -192, '', '2017-02-11', '2017-02-11 21:17:16', 1, '2017-02-11 21:17:16', 1),
(869, 1, 21, '', 2, 'outgo', -100, '', '2017-02-11', '2017-02-11 21:17:22', 1, '2017-02-11 21:17:22', 1),
(872, 1, 21, '', 2, 'outgo', -297, '', '2017-02-11', '2017-02-11 21:26:25', 2, '2017-02-11 21:26:25', 2),
(873, 1, 32, '', 1, 'outgo', -1800, 'Cắt tóc', '2017-02-12', '2017-02-12 13:39:11', 1, '2017-02-12 13:39:11', 1),
(874, 1, 21, '', 2, 'outgo', -108, '', '2017-02-13', '2017-02-13 19:29:58', 2, '2017-02-13 19:29:58', 2),
(875, 1, 21, '', 1, 'outgo', -500, '', '2017-02-14', '2017-02-14 19:58:25', 1, '2017-02-14 19:58:25', 1),
(876, 1, 21, '', 1, 'outgo', -468, '', '2017-02-14', '2017-02-14 19:58:33', 1, '2017-02-14 19:58:33', 1),
(877, 1, 21, '', 2, 'outgo', -648, '', '2017-02-14', '2017-02-15 00:38:37', 2, '2017-02-15 00:38:37', 2),
(878, 1, 32, '', 2, 'outgo', -300, '住民票', '2017-02-14', '2017-02-15 00:39:04', 2, '2017-02-15 00:39:04', 2),
(879, 1, 21, '', 1, 'outgo', -320, '', '2017-02-15', '2017-02-15 19:40:39', 1, '2017-02-15 19:40:39', 1),
(880, 1, 21, '', 2, 'outgo', -169, '', '2017-02-15', '2017-02-15 19:42:33', 2, '2017-02-15 19:42:33', 2),
(881, 1, 21, '', 1, 'outgo', -345, '', '2017-02-15', '2017-02-15 19:42:52', 1, '2017-02-15 19:42:52', 1),
(882, 1, 21, '', 1, 'outgo', -880, '', '2017-02-16', '2017-02-16 19:37:42', 1, '2017-02-16 19:37:42', 1),
(883, 1, 21, '', 1, 'outgo', -861, '', '2017-02-16', '2017-02-16 20:09:50', 1, '2017-02-16 20:09:50', 1),
(884, 1, 21, '', 2, 'outgo', -796, '', '2017-02-12', '2017-02-16 22:07:04', 2, '2017-02-16 22:07:04', 2),
(885, 1, 21, '', 2, 'outgo', -222, '', '2017-02-16', '2017-02-16 22:27:17', 2, '2017-02-16 22:27:17', 2),
(886, 1, 21, '', 2, 'outgo', -1969, '', '2017-02-17', '2017-02-17 19:45:01', 1, '2017-02-17 19:45:01', 1),
(887, 1, 21, '', 2, 'outgo', -567, '', '2017-02-18', '2017-02-18 19:13:02', 2, '2017-02-18 19:13:02', 2),
(888, 1, 21, '', 2, 'outgo', -1393, '', '2017-02-18', '2017-02-18 22:25:30', 1, '2017-02-18 22:25:30', 1),
(892, 1, 5, 'e45e493726d12dcf4c534d33f4ab418f', 2, 'handover', -2000, '', '2017-02-19', '2017-02-19 23:02:04', 1, '2017-02-19 23:02:04', 1),
(893, 1, 6, 'e45e493726d12dcf4c534d33f4ab418f', 1, 'handover', 2000, '', '2017-02-19', '2017-02-19 23:02:04', 1, '2017-02-19 23:02:04', 1),
(894, 1, 21, '', 1, 'outgo', -550, '', '2017-02-20', '2017-02-20 12:31:45', 1, '2017-02-20 12:31:45', 1),
(895, 2, 1, 'f1b5ceda2f3f9909c7264a79b8921449', 2, 'drawer', -30000, '', '2017-02-20', '2017-02-20 15:21:32', 2, '2017-02-20 15:21:32', 2),
(896, 1, 2, 'f1b5ceda2f3f9909c7264a79b8921449', 2, 'drawer', 30000, '', '2017-02-20', '2017-02-20 15:21:32', 2, '2017-02-20 15:21:32', 2),
(897, 1, 21, '', 1, 'outgo', -120, '', '2017-02-20', '2017-02-20 20:17:18', 1, '2017-02-20 20:17:18', 1),
(898, 1, 32, '', 2, 'outgo', -510, '残高証明書', '2017-02-20', '2017-02-20 20:42:42', 1, '2017-02-20 20:42:42', 1),
(899, 1, 5, 'cbc562f14c0d55db8e2d83968fa6b139', 2, 'handover', -20000, '', '2017-02-20', '2017-02-21 07:51:28', 1, '2017-02-21 09:33:05', 2),
(900, 1, 6, 'cbc562f14c0d55db8e2d83968fa6b139', 1, 'handover', 20000, '', '2017-02-20', '2017-02-21 07:51:28', 1, '2017-02-21 09:33:05', 2),
(901, 1, 30, '', 2, 'outgo', -7404, '', '2017-02-27', '2017-02-21 12:44:38', 2, '2017-02-21 12:45:28', 2),
(902, 1, 32, '', 2, 'outgo', -1400, 'Gửi bưu điện', '2017-02-21', '2017-02-21 12:44:47', 2, '2017-02-21 12:46:25', 2),
(903, 1, 21, '', 2, 'outgo', -1658, '', '2017-02-21', '2017-02-22 09:21:32', 2, '2017-02-22 09:21:32', 2),
(904, 1, 21, '', 2, 'outgo', -3050, '', '2017-02-21', '2017-02-22 09:22:55', 2, '2017-02-22 09:22:55', 2),
(905, 1, 21, '', 1, 'outgo', -600, '', '2017-02-22', '2017-02-22 18:56:48', 1, '2017-02-22 18:56:48', 1),
(906, 1, 21, '', 2, 'outgo', -533, '', '2017-02-22', '2017-02-22 19:33:34', 2, '2017-02-22 19:33:34', 2),
(907, 1, 21, '', 2, 'outgo', -1407, '', '2017-02-22', '2017-02-23 10:12:59', 2, '2017-02-23 10:12:59', 2),
(908, 1, 21, '', 2, 'outgo', -346, '', '2017-02-21', '2017-02-23 10:13:12', 2, '2017-02-23 10:13:12', 2),
(909, 1, 21, '', 1, 'outgo', -880, '', '2017-02-23', '2017-02-23 12:41:34', 1, '2017-02-23 12:41:34', 1),
(910, 1, 21, '', 1, 'outgo', -203, '', '2017-02-23', '2017-02-23 21:15:39', 1, '2017-02-23 21:15:39', 1),
(911, 1, 21, '', 1, 'outgo', -600, '', '2017-02-24', '2017-02-24 12:50:44', 1, '2017-02-24 12:50:44', 1),
(912, 1, 21, '', 2, 'outgo', -1035, '', '2017-02-24', '2017-02-24 19:48:40', 2, '2017-02-24 19:48:40', 2),
(913, 2, 25, '', 2, 'outgo', -5369, 'Nước', '2017-03-10', '2017-02-24 20:04:39', 2, '2017-03-12 21:42:21', 1),
(914, 2, 25, '', 2, 'outgo', -10200, 'Điện', '2017-02-06', '2017-02-24 20:05:12', 2, '2017-02-28 23:53:35', 1),
(915, 2, 25, '', 2, 'outgo', -6129, 'Điện', '2017-03-07', '2017-02-24 20:05:36', 2, '2017-02-28 23:53:49', 1),
(916, 1, 21, '', 1, 'outgo', -1224, '', '2017-02-24', '2017-02-24 20:45:16', 1, '2017-02-24 20:45:16', 1),
(917, 1, 21, '', 1, 'outgo', -2192, '', '2017-02-25', '2017-02-25 13:33:30', 1, '2017-02-25 13:33:30', 1),
(918, 1, 21, '', 1, 'outgo', -390, '', '2017-02-25', '2017-02-25 15:59:18', 1, '2017-02-25 15:59:18', 1),
(919, 1, 21, '', 1, 'outgo', -150, '', '2017-02-25', '2017-02-25 16:30:25', 1, '2017-02-25 16:30:25', 1),
(920, 1, 21, '', 1, 'outgo', -777, '', '2017-02-25', '2017-02-25 16:41:01', 1, '2017-02-25 16:41:01', 1),
(921, 1, 21, '', 1, 'outgo', -594, '', '2017-02-25', '2017-02-25 16:41:14', 1, '2017-02-25 16:41:14', 1),
(922, 1, 21, '', 2, 'outgo', -491, '', '2017-02-25', '2017-02-25 17:23:40', 1, '2017-02-25 17:23:40', 1),
(923, 1, 21, '', 1, 'outgo', -106, '', '2017-02-25', '2017-02-25 17:57:17', 1, '2017-02-25 17:57:17', 1),
(924, 2, 1, '2def30b485ea3a766ee97c8865f2ed1f', 2, 'drawer', -20000, '', '2017-02-25', '2017-02-26 10:38:31', 1, '2017-02-26 10:38:31', 1),
(925, 1, 2, '2def30b485ea3a766ee97c8865f2ed1f', 2, 'drawer', 20000, '', '2017-02-25', '2017-02-26 10:38:31', 1, '2017-02-26 10:38:31', 1),
(926, 1, 22, '', 2, 'outgo', -2000, '', '2017-02-25', '2017-02-26 11:07:44', 1, '2017-02-26 11:07:44', 1),
(927, 1, 21, '', 2, 'outgo', -1625, '', '2017-02-25', '2017-02-26 11:09:23', 1, '2017-02-26 11:09:23', 1),
(928, 1, 21, '', 2, 'outgo', -617, '', '2017-02-25', '2017-02-26 11:09:44', 1, '2017-02-26 11:09:44', 1),
(929, 1, 21, '', 2, 'outgo', -1566, '', '2017-02-26', '2017-02-26 20:20:25', 1, '2017-02-26 20:20:25', 1),
(930, 1, 5, '718509858456f52ac928e4ab04a3c61d', 2, 'handover', -3000, '', '2017-02-26', '2017-02-26 22:28:39', 2, '2017-02-26 22:28:39', 2),
(931, 1, 6, '718509858456f52ac928e4ab04a3c61d', 1, 'handover', 3000, '', '2017-02-26', '2017-02-26 22:28:39', 2, '2017-02-26 22:28:39', 2),
(932, 1, 21, '', 1, 'outgo', -980, '', '2017-02-27', '2017-02-27 12:13:18', 1, '2017-02-27 12:13:18', 1),
(933, 2, 25, '', 2, 'outgo', -4115, 'Gas', '2017-03-31', '2017-02-27 14:02:01', 2, '2017-02-28 23:40:34', 1),
(934, 1, 21, '', 1, 'outgo', -550, '', '2017-02-27', '2017-02-27 22:10:16', 1, '2017-02-27 22:10:16', 1),
(935, 1, 21, '', 1, 'outgo', -688, '', '2017-02-28', '2017-02-28 12:47:49', 1, '2017-02-28 12:47:49', 1),
(936, 1, 36, '', 2, 'outgo', -5000, '', '2017-02-27', '2017-02-28 23:31:43', 2, '2017-02-28 23:31:43', 2),
(937, 1, 21, '', 2, 'outgo', -3280, '', '2017-02-28', '2017-02-28 23:32:35', 2, '2017-02-28 23:32:35', 2),
(938, 2, 25, '', 1, 'outgo', -1026, 'Internet Yahoo', '2017-02-27', '2017-02-28 23:38:39', 1, '2017-02-28 23:40:11', 1),
(939, 2, 25, '', 1, 'outgo', -4482, 'Internet NTT', '2017-02-28', '2017-02-28 23:39:21', 1, '2017-02-28 23:39:21', 1),
(940, 2, 25, '', 1, 'outgo', -4402, 'Gas', '2017-02-28', '2017-02-28 23:39:47', 1, '2017-02-28 23:39:47', 1),
(941, 1, 21, '', 1, 'outgo', -980, '', '2017-03-01', '2017-03-01 20:16:23', 1, '2017-03-01 20:16:23', 1),
(942, 1, 21, '', 1, 'outgo', -693, '', '2017-03-01', '2017-03-01 20:26:47', 1, '2017-03-01 20:26:47', 1),
(943, 1, 5, 'de3785fc718b748d4ebe163e711eae5a', 2, 'handover', -2000, '', '2017-03-02', '2017-03-02 08:17:57', 1, '2017-03-02 08:17:57', 1),
(944, 1, 6, 'de3785fc718b748d4ebe163e711eae5a', 1, 'handover', 2000, '', '2017-03-02', '2017-03-02 08:17:57', 1, '2017-03-02 08:17:57', 1),
(945, 2, 1, '106905f820c70f355b6e666f27c873b8', 2, 'drawer', -30000, '', '2017-03-02', '2017-03-02 12:44:01', 2, '2017-03-02 12:44:01', 2),
(946, 1, 2, '106905f820c70f355b6e666f27c873b8', 2, 'drawer', 30000, '', '2017-03-02', '2017-03-02 12:44:01', 2, '2017-03-02 12:44:01', 2),
(947, 1, 5, '01585a36e4185f7d82b3c7243f7b12fc', 2, 'handover', -2000, '', '2017-03-02', '2017-03-02 12:45:42', 2, '2017-03-02 12:45:42', 2),
(948, 1, 6, '01585a36e4185f7d82b3c7243f7b12fc', 1, 'handover', 2000, '', '2017-03-02', '2017-03-02 12:45:42', 2, '2017-03-02 12:45:42', 2),
(949, 1, 21, '', 1, 'outgo', -278, '', '2017-03-02', '2017-03-02 20:20:39', 1, '2017-03-02 20:20:39', 1),
(950, 1, 38, '', 2, 'outgo', -5310, '', '2017-03-03', '2017-03-04 17:09:50', 1, '2017-03-04 17:11:38', 1),
(951, 1, 21, '', 2, 'outgo', -1706, '', '2017-03-03', '2017-03-04 17:10:09', 1, '2017-03-04 17:10:09', 1),
(952, 1, 21, '', 2, 'outgo', -1888, '', '2017-03-03', '2017-03-04 17:10:27', 1, '2017-03-04 17:10:27', 1),
(953, 1, 21, '', 2, 'outgo', -1691, '', '2017-03-02', '2017-03-04 17:11:13', 1, '2017-03-04 17:11:13', 1),
(954, 1, 36, '', 2, 'outgo', -422, '', '2017-03-04', '2017-03-04 17:23:34', 1, '2017-03-04 17:23:34', 1),
(955, 1, 36, '', 2, 'outgo', -806, '', '2017-03-04', '2017-03-04 17:23:44', 1, '2017-03-04 17:23:44', 1),
(956, 1, 36, '', 2, 'outgo', -216, '', '2017-03-04', '2017-03-04 17:24:05', 1, '2017-03-04 17:24:05', 1),
(957, 1, 36, '', 2, 'outgo', -219, '', '2017-03-04', '2017-03-04 17:24:17', 1, '2017-03-04 17:24:17', 1),
(958, 1, 36, '', 2, 'outgo', -2023, '', '2017-03-04', '2017-03-04 17:24:39', 1, '2017-03-04 17:24:39', 1),
(959, 1, 36, '', 2, 'outgo', -3056, '', '2017-03-04', '2017-03-04 17:24:51', 1, '2017-03-04 17:24:51', 1),
(960, 1, 21, '', 2, 'outgo', -870, '', '2017-03-05', '2017-03-05 20:05:15', 2, '2017-03-05 20:05:15', 2),
(961, 1, 21, '', 1, 'outgo', -600, '', '2017-03-06', '2017-03-06 12:41:22', 1, '2017-03-06 12:41:22', 1),
(962, 1, 21, '', 2, 'outgo', -1380, '', '2017-03-06', '2017-03-06 19:21:01', 2, '2017-03-06 19:21:01', 2),
(963, 2, 24, '', 1, 'income', 150000, '', '2017-03-06', '2017-03-06 20:42:10', 1, '2017-03-06 20:42:10', 1),
(964, 2, 1, '27fe71c364235849583689ac2464333e', 1, 'drawer', -10000, '', '2017-03-06', '2017-03-06 20:42:28', 1, '2017-03-06 20:42:28', 1),
(965, 1, 2, '27fe71c364235849583689ac2464333e', 1, 'drawer', 10000, '', '2017-03-06', '2017-03-06 20:42:28', 1, '2017-03-06 20:42:28', 1),
(966, 1, 21, '', 1, 'outgo', -750, '', '2017-03-07', '2017-03-07 12:30:27', 1, '2017-03-07 12:30:27', 1),
(967, 1, 21, '', 1, 'outgo', -600, '', '2017-03-08', '2017-03-08 12:50:51', 1, '2017-03-08 12:50:51', 1),
(968, 2, 24, '', 2, 'income', 80000, '', '2017-03-08', '2017-03-08 16:26:56', 2, '2017-03-08 16:26:56', 2),
(969, 2, 1, '188a2f44ed041b0ce19d6356fc32dcd4', 2, 'drawer', -20000, '', '2017-03-08', '2017-03-08 16:27:11', 2, '2017-03-08 16:27:11', 2),
(970, 1, 2, '188a2f44ed041b0ce19d6356fc32dcd4', 2, 'drawer', 20000, '', '2017-03-08', '2017-03-08 16:27:11', 2, '2017-03-08 16:27:11', 2),
(971, 1, 21, '', 2, 'outgo', -2430, '', '2017-03-08', '2017-03-08 17:47:43', 2, '2017-03-08 17:47:43', 2),
(972, 1, 21, '', 2, 'outgo', -1825, '', '2017-03-09', '2017-03-09 19:36:58', 2, '2017-03-09 19:36:58', 2),
(973, 1, 21, '', 2, 'outgo', -1591, '', '2017-03-10', '2017-03-09 20:23:38', 2, '2017-03-09 20:23:38', 2),
(974, 1, 21, '', 1, 'outgo', -500, '', '2017-03-10', '2017-03-10 12:39:36', 1, '2017-03-10 12:39:36', 1),
(975, 1, 36, '', 1, 'outgo', -3000, '', '2017-03-10', '2017-03-10 22:20:50', 1, '2017-03-10 22:20:50', 1),
(976, 1, 21, '', 1, 'outgo', -100, '', '2017-03-10', '2017-03-10 22:20:59', 1, '2017-03-10 22:20:59', 1),
(977, 1, 21, '', 2, 'outgo', -7720, '', '2017-03-11', '2017-03-11 18:27:28', 2, '2017-03-11 18:27:28', 2),
(978, 1, 21, '', 1, 'outgo', -1333, '', '2017-03-11', '2017-03-11 19:38:40', 1, '2017-03-11 19:38:40', 1),
(979, 1, 21, '', 2, 'outgo', -267, '', '2017-03-11', '2017-03-11 19:48:30', 2, '2017-03-11 19:48:30', 2),
(980, 1, 21, '', 2, 'outgo', -580, '', '2017-03-12', '2017-03-12 10:20:33', 2, '2017-03-12 10:20:33', 2),
(981, 2, 1, '92e6a40136e0322e1320794c0b4c5d4e', 1, 'drawer', -10000, '', '2017-03-12', '2017-03-12 20:37:02', 1, '2017-03-12 20:37:02', 1),
(982, 1, 2, '92e6a40136e0322e1320794c0b4c5d4e', 1, 'drawer', 10000, '', '2017-03-12', '2017-03-12 20:37:02', 1, '2017-03-12 20:37:02', 1),
(983, 2, 24, '', 1, 'income', 266, '', '2017-03-08', '2017-03-12 21:38:25', 1, '2017-03-12 21:38:25', 1),
(984, 1, 21, '', 1, 'outgo', -216, '', '2017-03-13', '2017-03-13 20:47:44', 1, '2017-03-13 20:47:44', 1),
(985, 1, 21, '', 2, 'outgo', -533, '', '2017-03-13', '2017-03-14 07:53:53', 2, '2017-03-14 07:56:32', 2),
(986, 1, 21, '', 2, 'outgo', -1132, '', '2017-03-13', '2017-03-14 07:56:02', 2, '2017-03-14 07:56:02', 2),
(987, 1, 21, '', 1, 'outgo', -840, '', '2017-03-14', '2017-03-14 12:51:10', 1, '2017-03-14 12:51:10', 1),
(988, 1, 21, '', 1, 'outgo', -320, '', '2017-03-14', '2017-03-14 21:47:53', 1, '2017-03-14 21:47:53', 1),
(989, 1, 21, '', 2, 'outgo', -2325, '', '2017-03-14', '2017-03-15 17:32:36', 2, '2017-03-15 17:32:36', 2),
(990, 1, 21, '', 2, 'outgo', -151, '', '2017-03-15', '2017-03-16 09:44:05', 2, '2017-03-16 09:44:05', 2),
(991, 1, 21, '', 1, 'outgo', -600, '', '2017-03-16', '2017-03-16 12:55:17', 1, '2017-03-16 12:55:17', 1),
(992, 1, 21, '', 2, 'outgo', -1152, '', '2017-03-16', '2017-03-16 19:35:26', 2, '2017-03-16 19:35:26', 2),
(993, 2, 1, '877c0b64a30fb20cb85fb2df103431bc', 2, 'drawer', -20000, '', '2017-03-16', '2017-03-16 19:35:55', 2, '2017-03-16 19:35:55', 2),
(994, 1, 2, '877c0b64a30fb20cb85fb2df103431bc', 2, 'drawer', 20000, '', '2017-03-16', '2017-03-16 19:35:55', 2, '2017-03-16 19:35:55', 2),
(995, 1, 21, '', 1, 'outgo', -750, '', '2017-03-18', '2017-03-18 21:48:49', 1, '2017-03-18 21:48:49', 1),
(996, 1, 21, '', 1, 'outgo', -540, '', '2017-03-19', '2017-03-19 10:41:42', 1, '2017-03-19 10:41:42', 1),
(997, 1, 21, '', 1, 'outgo', -518, '', '2017-03-19', '2017-03-19 10:54:07', 1, '2017-03-19 10:54:07', 1),
(998, 1, 21, '', 1, 'outgo', -642, '', '2017-03-19', '2017-03-19 11:02:16', 1, '2017-03-19 11:02:16', 1),
(999, 1, 21, '', 1, 'outgo', -184, '', '2017-03-19', '2017-03-19 12:16:43', 1, '2017-03-19 12:17:00', 1),
(1000, 1, 21, '', 2, 'outgo', -95, '', '2017-03-19', '2017-03-19 17:13:49', 2, '2017-03-19 17:13:49', 2),
(1001, 1, 21, '', 2, 'outgo', -3981, '', '2017-03-18', '2017-03-19 17:14:03', 2, '2017-03-19 17:14:03', 2),
(1002, 1, 21, '', 2, 'outgo', -138, '', '2017-03-16', '2017-03-19 17:14:21', 2, '2017-03-19 17:14:21', 2),
(1003, 1, 21, '', 2, 'outgo', -151, '', '2017-03-15', '2017-03-19 17:14:36', 2, '2017-03-19 17:14:36', 2),
(1004, 1, 21, '', 2, 'outgo', -2414, '', '2017-03-18', '2017-03-19 17:15:03', 2, '2017-03-19 17:15:03', 2),
(1005, 1, 21, '', 2, 'outgo', -130, '', '2017-03-16', '2017-03-19 17:15:22', 2, '2017-03-19 17:15:22', 2),
(1006, 1, 21, '', 2, 'outgo', -82, '', '2017-03-16', '2017-03-19 17:15:37', 2, '2017-03-19 17:15:37', 2),
(1007, 1, 21, '', 2, 'outgo', -689, '', '2017-03-19', '2017-03-19 17:17:52', 2, '2017-03-19 17:17:52', 2),
(1008, 1, 21, '', 1, 'outgo', -247, '', '2017-03-19', '2017-03-19 19:34:21', 1, '2017-03-19 19:34:21', 1),
(1009, 1, 22, '', 1, 'outgo', -310, 'Trả dùm em iu', '2017-03-19', '2017-03-19 22:40:34', 1, '2017-03-19 22:40:34', 1),
(1010, 1, 21, '', 1, 'outgo', -500, '', '2017-03-20', '2017-03-20 20:35:40', 1, '2017-03-20 20:35:40', 1);
INSERT INTO `inout_records` (`id`, `account_id`, `category_id`, `pair_id`, `player`, `cash_flow`, `amount`, `memo`, `date`, `created_on`, `created_by`, `modified_on`, `modified_by`) VALUES
(1011, 1, 32, '', 2, 'outgo', -2570, 'Giặt đồ', '2017-03-18', '2017-03-21 00:04:03', 2, '2017-03-21 00:04:03', 2),
(1012, 1, 21, '', 2, 'outgo', -310, '', '2017-03-19', '2017-03-21 00:39:05', 2, '2017-03-21 00:39:05', 2),
(1013, 1, 21, '', 1, 'outgo', -600, '', '2017-03-21', '2017-03-21 12:36:00', 1, '2017-03-21 12:36:00', 1),
(1014, 1, 21, '', 2, 'outgo', -1225, '', '2017-03-21', '2017-03-21 22:34:05', 1, '2017-03-21 22:34:05', 1),
(1015, 1, 22, '', 2, 'outgo', -824, '', '2017-03-22', '2017-03-22 23:32:36', 2, '2017-03-22 23:32:36', 2),
(1016, 1, 21, '', 1, 'outgo', -600, '', '2017-03-24', '2017-03-24 12:47:25', 1, '2017-03-24 12:47:25', 1),
(1017, 1, 36, '', 1, 'outgo', -4500, '', '2017-03-24', '2017-03-24 21:24:05', 1, '2017-03-24 21:24:05', 1),
(1018, 1, 21, '', 1, 'outgo', -150, '', '2017-03-24', '2017-03-24 22:44:32', 1, '2017-03-24 22:44:32', 1),
(1019, 1, 21, '', 1, 'outgo', -380, '', '2017-03-24', '2017-03-24 22:49:59', 1, '2017-03-24 22:49:59', 1),
(1020, 1, 32, '', 1, 'outgo', -1900, 'Cắt tóc', '2017-03-25', '2017-03-25 14:52:07', 1, '2017-03-25 14:52:07', 1),
(1021, 2, 28, '', 1, 'outgo', -22087, '', '2017-03-27', '2017-03-25 14:56:52', 1, '2017-03-25 14:56:52', 1),
(1022, 1, 5, 'c893596dcacd97d497ce81c0619db85d', 2, 'handover', -2000, '', '2017-03-23', '2017-03-26 00:14:29', 1, '2017-03-26 00:14:29', 1),
(1023, 1, 6, 'c893596dcacd97d497ce81c0619db85d', 1, 'handover', 2000, '', '2017-03-23', '2017-03-26 00:14:29', 1, '2017-03-26 00:14:29', 1),
(1024, 1, 5, 'c66a15bd494e0e707bf7fec19ddc4a94', 1, 'handover', -1000, '', '2017-03-26', '2017-03-26 12:03:22', 1, '2017-03-26 12:03:22', 1),
(1025, 1, 6, 'c66a15bd494e0e707bf7fec19ddc4a94', 2, 'handover', 1000, '', '2017-03-26', '2017-03-26 12:03:22', 1, '2017-03-26 12:03:22', 1),
(1027, 2, 1, 'b42cc3bf46b979584138799503b57975', 2, 'drawer', -50000, '', '2017-03-28', '2017-03-28 13:19:47', 1, '2017-03-28 13:19:47', 1),
(1028, 1, 2, 'b42cc3bf46b979584138799503b57975', 2, 'drawer', 50000, '', '2017-03-28', '2017-03-28 13:19:47', 1, '2017-03-28 13:19:47', 1),
(1029, 1, 38, '', 1, 'outgo', -430, 'Khám tay', '2017-03-28', '2017-03-28 15:52:07', 1, '2017-03-29 08:35:01', 1),
(1030, 1, 38, '', 2, 'outgo', -680, 'Thuốc dán', '2017-03-28', '2017-03-28 16:48:11', 1, '2017-03-28 16:48:11', 1),
(1031, 1, 21, '', 1, 'outgo', -528, '', '2017-03-28', '2017-03-28 19:42:23', 1, '2017-03-28 19:42:23', 1),
(1032, 1, 5, '3f5aea496cfcf828dde2e9a848b4761b', 2, 'handover', -20000, '', '2017-03-28', '2017-03-28 19:42:38', 1, '2017-03-28 19:42:38', 1),
(1033, 1, 6, '3f5aea496cfcf828dde2e9a848b4761b', 1, 'handover', 20000, '', '2017-03-28', '2017-03-28 19:42:38', 1, '2017-03-28 19:42:38', 1),
(1034, 1, 21, '', 2, 'outgo', -468, '', '2017-03-26', '2017-03-29 00:50:10', 1, '2017-03-29 00:50:10', 1),
(1035, 1, 21, '', 2, 'outgo', -3153, '', '2017-03-23', '2017-03-29 00:50:34', 1, '2017-03-29 00:50:34', 1),
(1036, 1, 21, '', 2, 'outgo', -212, '', '2017-03-19', '2017-03-29 00:51:09', 1, '2017-03-29 00:51:09', 1),
(1037, 1, 21, '', 2, 'outgo', -2503, '', '2017-03-28', '2017-03-29 00:51:28', 1, '2017-03-29 00:51:28', 1),
(1038, 1, 21, '', 2, 'outgo', -564, '', '2017-03-27', '2017-03-29 00:51:45', 1, '2017-03-29 00:51:45', 1),
(1039, 1, 21, '', 2, 'outgo', -1235, '', '2017-03-21', '2017-03-29 00:52:39', 1, '2017-03-29 00:52:39', 1),
(1040, 1, 21, '', 2, 'outgo', -845, '', '2017-03-22', '2017-03-29 00:53:14', 1, '2017-03-29 00:53:14', 1),
(1041, 1, 21, '', 2, 'outgo', -128, '', '2017-03-21', '2017-03-29 00:53:30', 1, '2017-03-29 00:53:30', 1),
(1042, 1, 21, '', 2, 'outgo', -108, '', '2017-03-22', '2017-03-29 00:53:49', 1, '2017-03-29 00:53:49', 1),
(1044, 2, 24, '', 1, 'income', 928, 'Công ty trả tiền đi lại', '2017-03-22', '2017-03-30 19:18:11', 1, '2017-03-30 19:18:11', 1),
(1045, 2, 25, '', 1, 'outgo', -1026, 'Internet Yahoo', '2017-03-27', '2017-03-30 19:19:13', 1, '2017-03-30 19:19:13', 1),
(1046, 1, 21, '', 1, 'outgo', -630, '', '2017-03-31', '2017-03-31 23:42:30', 1, '2017-03-31 23:42:30', 1),
(1047, 1, 36, '', 1, 'outgo', -3000, '', '2017-03-31', '2017-03-31 23:42:48', 1, '2017-03-31 23:42:48', 1),
(1048, 1, 21, '', 1, 'outgo', -324, '', '2017-04-01', '2017-04-01 16:42:48', 1, '2017-04-01 16:42:48', 1),
(1049, 1, 22, '', 1, 'outgo', -970, '', '2017-04-01', '2017-04-01 17:14:40', 1, '2017-04-01 17:14:40', 1),
(1050, 2, 25, '', 1, 'outgo', -4482, 'Internet NTT', '2017-03-31', '2017-04-01 17:54:49', 1, '2017-04-01 17:54:49', 1),
(1051, 2, 26, '', 1, 'income', 3, 'Lợi tức', '2017-04-01', '2017-04-01 17:56:57', 1, '2017-04-01 17:56:57', 1),
(1052, 1, 21, '', 1, 'outgo', -280, '', '2017-04-02', '2017-04-02 18:05:16', 1, '2017-04-02 18:05:16', 1),
(1053, 1, 21, '', 2, 'outgo', -2500, '', '2017-04-02', '2017-04-02 18:45:49', 2, '2017-04-03 10:11:18', 2),
(1054, 2, 24, '', 1, 'income', 170000, '', '2017-04-03', '2017-04-02 18:47:25', 1, '2017-04-02 18:47:25', 1),
(1055, 1, 21, '', 2, 'outgo', -3748, '', '2017-03-28', '2017-04-03 09:59:33', 2, '2017-04-03 09:59:33', 2),
(1056, 1, 21, '', 2, 'outgo', -692, '', '2017-04-02', '2017-04-03 10:00:09', 2, '2017-04-03 10:00:09', 2),
(1057, 1, 21, '', 2, 'outgo', -2000, '', '2017-04-01', '2017-04-03 10:00:56', 2, '2017-04-03 10:00:56', 2),
(1058, 1, 21, '', 2, 'outgo', -324, '', '2017-03-30', '2017-04-03 10:01:11', 2, '2017-04-03 10:01:11', 2),
(1059, 1, 21, '', 2, 'outgo', -279, '', '2017-03-30', '2017-04-03 10:01:31', 2, '2017-04-03 10:01:31', 2),
(1060, 1, 21, '', 2, 'outgo', -1089, '', '2017-03-31', '2017-04-03 10:01:56', 2, '2017-04-03 10:01:56', 2),
(1061, 1, 21, '', 2, 'outgo', -3256, '', '2017-04-01', '2017-04-03 10:02:15', 2, '2017-04-03 10:02:15', 2),
(1062, 1, 21, '', 2, 'outgo', -5387, '', '2017-04-01', '2017-04-03 10:03:17', 2, '2017-04-03 10:11:31', 2),
(1063, 1, 21, '', 2, 'outgo', -194, '', '2017-04-02', '2017-04-03 10:04:06', 2, '2017-04-03 10:04:06', 2),
(1064, 1, 22, '', 2, 'outgo', -1000, '', '2017-04-02', '2017-04-03 10:06:21', 2, '2017-04-03 10:06:21', 2),
(1065, 1, 26, '', 2, 'income', 3500, 'Gđ Thiện trả tiền ăn', '2017-04-01', '2017-04-03 10:13:32', 2, '2017-04-03 15:06:18', 1),
(1066, 1, 23, '', 2, 'outgo', -1200, 'Vé vô bảo tàng', '2017-04-01', '2017-04-03 10:16:02', 2, '2017-04-03 15:06:48', 1),
(1067, 1, 30, '', 2, 'outgo', -8071, 'Đt  tháng 2', '2017-03-26', '2017-04-03 10:41:01', 2, '2017-04-03 10:41:01', 2),
(1068, 1, 21, '', 1, 'outgo', -600, '', '2017-04-03', '2017-04-03 12:28:24', 1, '2017-04-03 12:28:24', 1),
(1069, 2, 1, 'a03afa0e458e1b2c9be19a3e7131231a', 2, 'drawer', -10000, '', '2017-04-03', '2017-04-03 12:28:26', 2, '2017-04-03 12:28:26', 2),
(1070, 1, 2, 'a03afa0e458e1b2c9be19a3e7131231a', 2, 'drawer', 10000, '', '2017-04-03', '2017-04-03 12:28:26', 2, '2017-04-03 12:28:26', 2),
(1071, 1, 21, '', 2, 'outgo', -865, '', '2017-03-30', '2017-04-03 12:47:02', 2, '2017-04-03 12:47:02', 2),
(1072, 1, 21, '', 2, 'outgo', -2255, '', '2017-04-03', '2017-04-03 20:12:21', 1, '2017-04-03 20:12:21', 1),
(1073, 1, 21, '', 1, 'outgo', -600, '', '2017-04-04', '2017-04-04 12:51:05', 1, '2017-04-04 12:51:05', 1),
(1074, 1, 21, '', 1, 'outgo', -600, '', '2017-04-05', '2017-04-05 12:38:10', 1, '2017-04-05 12:38:10', 1),
(1075, 1, 21, '', 2, 'outgo', -328, '', '2017-04-05', '2017-04-05 14:19:11', 2, '2017-04-05 14:19:11', 2),
(1076, 1, 21, '', 2, 'outgo', -670, '', '2017-04-04', '2017-04-05 14:20:02', 2, '2017-04-05 14:20:02', 2),
(1077, 1, 21, '', 2, 'outgo', -1112, '', '2017-04-05', '2017-04-05 22:02:11', 2, '2017-04-05 22:02:11', 2),
(1078, 1, 21, '', 1, 'outgo', -790, '', '2017-04-06', '2017-04-06 12:31:44', 1, '2017-04-06 12:31:44', 1),
(1079, 1, 21, '', 1, 'outgo', -1962, '', '2017-04-06', '2017-04-06 20:37:04', 1, '2017-04-06 20:37:04', 1),
(1080, 1, 21, '', 1, 'outgo', -793, '', '2017-04-06', '2017-04-06 21:38:21', 1, '2017-04-06 21:38:21', 1),
(1081, 1, 21, '', 1, 'outgo', -600, '', '2017-04-07', '2017-04-07 12:44:15', 1, '2017-04-07 12:44:15', 1),
(1082, 1, 21, '', 1, 'outgo', -577, '', '2017-04-07', '2017-04-07 19:39:08', 1, '2017-04-07 19:39:08', 1),
(1083, 1, 21, '', 2, 'outgo', -1806, '', '2017-04-09', '2017-04-09 20:35:36', 2, '2017-04-09 20:35:36', 2),
(1084, 1, 21, '', 1, 'outgo', -480, '', '2017-04-10', '2017-04-10 13:57:39', 1, '2017-04-10 13:57:39', 1),
(1085, 1, 21, '', 2, 'outgo', -1942, '', '2017-04-10', '2017-04-10 21:38:45', 2, '2017-04-10 21:45:11', 2),
(1086, 1, 21, '', 2, 'outgo', -2495, '', '2017-04-08', '2017-04-10 21:40:34', 2, '2017-04-10 21:45:37', 2),
(1087, 1, 21, '', 2, 'outgo', -500, '', '2017-04-05', '2017-04-10 21:42:43', 2, '2017-04-10 21:42:43', 2),
(1088, 1, 21, '', 1, 'outgo', -600, '', '2017-04-11', '2017-04-11 12:36:37', 1, '2017-04-11 12:36:37', 1),
(1089, 1, 21, '', 1, 'outgo', -860, '', '2017-04-11', '2017-04-11 19:57:04', 1, '2017-04-11 19:57:04', 1),
(1092, 1, 21, '', 1, 'outgo', -600, '', '2017-04-12', '2017-04-12 12:36:46', 1, '2017-04-12 12:36:46', 1),
(1093, 1, 5, '43f9a290bf0a6d065b99f098e1732183', 1, 'handover', -2000, '', '2017-04-11', '2017-04-12 12:37:25', 1, '2017-04-12 12:37:25', 1),
(1094, 1, 6, '43f9a290bf0a6d065b99f098e1732183', 2, 'handover', 2000, '', '2017-04-11', '2017-04-12 12:37:25', 1, '2017-04-12 12:37:25', 1),
(1095, 2, 24, '', 2, 'income', 80000, '', '2017-04-12', '2017-04-12 20:13:45', 1, '2017-04-12 20:14:20', 1),
(1096, 2, 1, '0c5e85aacec15e92d6e615af0a29e0ec', 2, 'drawer', -20000, '', '2017-04-12', '2017-04-12 20:14:02', 1, '2017-04-12 20:14:02', 1),
(1097, 1, 2, '0c5e85aacec15e92d6e615af0a29e0ec', 2, 'drawer', 20000, '', '2017-04-12', '2017-04-12 20:14:02', 1, '2017-04-12 20:14:02', 1),
(1098, 1, 21, '', 2, 'outgo', -755, '', '2017-04-12', '2017-04-12 20:17:14', 1, '2017-04-12 20:17:14', 1),
(1099, 1, 27, '', 2, 'outgo', -152, '', '2017-04-12', '2017-04-12 20:17:25', 1, '2017-04-12 20:17:25', 1),
(1100, 1, 27, '', 2, 'outgo', -108, '', '2017-04-12', '2017-04-12 20:17:36', 1, '2017-04-12 20:17:36', 1),
(1101, 1, 21, '', 2, 'outgo', -2548, '', '2017-04-12', '2017-04-12 20:33:02', 1, '2017-04-12 20:33:02', 1),
(1102, 1, 21, '', 1, 'outgo', -666, '', '2017-04-13', '2017-04-13 12:12:27', 1, '2017-04-13 12:12:27', 1),
(1103, 1, 21, '', 1, 'outgo', -200, '', '2017-04-13', '2017-04-13 20:42:55', 1, '2017-04-13 20:42:55', 1),
(1104, 2, 28, '', 1, 'outgo', -12021, '', '2017-04-26', '2017-04-13 22:19:29', 1, '2017-04-13 22:19:29', 1),
(1105, 1, 21, '', 1, 'outgo', -600, '', '2017-04-14', '2017-04-14 19:46:43', 1, '2017-04-14 19:46:43', 1),
(1106, 1, 21, '', 2, 'outgo', -1236, '', '2017-04-13', '2017-04-15 16:37:47', 2, '2017-04-15 16:37:47', 2),
(1107, 1, 21, '', 2, 'outgo', -304, '', '2017-04-13', '2017-04-15 16:38:02', 2, '2017-04-15 16:38:02', 2),
(1108, 1, 21, '', 2, 'outgo', -228, '', '2017-04-13', '2017-04-15 16:38:16', 2, '2017-04-15 16:38:16', 2),
(1109, 1, 21, '', 2, 'outgo', -583, '', '2017-04-13', '2017-04-15 16:38:34', 2, '2017-04-15 16:38:34', 2),
(1110, 1, 21, '', 2, 'outgo', -298, '', '2017-04-14', '2017-04-15 16:38:50', 2, '2017-04-15 16:38:50', 2),
(1111, 1, 21, '', 2, 'outgo', -1463, '', '2017-04-14', '2017-04-15 16:39:02', 2, '2017-04-15 16:39:02', 2),
(1112, 1, 21, '', 2, 'outgo', -539, '', '2017-04-13', '2017-04-15 16:39:16', 2, '2017-04-15 16:39:16', 2);

-- --------------------------------------------------------

--
-- テーブルの構造 `inout_types`
--

CREATE TABLE `inout_types` (
  `id` tinyint(1) UNSIGNED NOT NULL,
  `name` varchar(32) NOT NULL
) ENGINE=InnoDB DEFAULT CHARSET=utf8 COMMENT='Chi tiết phân loại thu chi';

--
-- テーブルのデータのダンプ `inout_types`
--

INSERT INTO `inout_types` (`id`, `name`) VALUES
(2, 'Chi'),
(1, 'Thu');

-- --------------------------------------------------------

--
-- テーブルの構造 `settings`
--

CREATE TABLE `settings` (
  `item` varchar(128) NOT NULL,
  `name` varchar(128) NOT NULL,
  `value` varchar(512) NOT NULL
) ENGINE=InnoDB DEFAULT CHARSET=utf8 COMMENT='lưu các thiết lập hệ thống';

-- --------------------------------------------------------

--
-- テーブルの構造 `tokens`
--

CREATE TABLE `tokens` (
  `token` varchar(40) NOT NULL,
  `user_id` tinyint(4) NOT NULL,
  `user_agent` varchar(512) DEFAULT NULL,
  `expire_on` datetime NOT NULL DEFAULT CURRENT_TIMESTAMP,
  `created_on` datetime NOT NULL DEFAULT CURRENT_TIMESTAMP,
  `modified_on` datetime NOT NULL DEFAULT CURRENT_TIMESTAMP
) ENGINE=InnoDB DEFAULT CHARSET=utf8;

--
-- テーブルのデータのダンプ `tokens`
--

INSERT INTO `tokens` (`token`, `user_id`, `user_agent`, `expire_on`, `created_on`, `modified_on`) VALUES
('034eee96c15d97b2bd03a263b409bd69e4db94de', 2, 'Mozilla/5.0 (iPhone; CPU iPhone OS 10_3_1 like Mac OS X) AppleWebKit/603.1.30 (KHTML, like Gecko) Version/10.0 Mobile/14E304 Safari/602.1', '2018-03-20 09:27:09', '2017-03-20 09:27:09', '2017-04-15 16:37:22'),
('2f48797d75dbfe7695726049e09798d6b46bc1fd', 1, 'Mozilla/5.0 (iPhone; CPU iPhone OS 9_1 like Mac OS X) AppleWebKit/601.1.46 (KHTML, like Gecko) Version/9.0 Mobile/13B143 Safari/601.1', '2018-02-26 19:01:45', '2017-02-26 19:01:45', '2017-04-08 22:34:20'),
('675bd7cb35355097bc71e17634cde0ab5023c4ac', 1, 'Mozilla/5.0 (iPhone; CPU iPhone OS 9_3_2 like Mac OS X) AppleWebKit/601.1.46 (KHTML, like Gecko) Version/9.0 Mobile/13F69 Safari/601.1', '2018-04-08 19:32:16', '2017-04-08 19:32:16', '2017-04-16 13:34:08'),
('bdbc31b2c460f2979b291e361bd454dda02a203f', 1, 'Mozilla/5.0 (iPhone; CPU iPhone OS 9_3_2 like Mac OS X) AppleWebKit/601.1.46 (KHTML, like Gecko) Version/9.0 Mobile/13F69 Safari/601.1', '2018-02-19 19:11:14', '2017-02-19 19:11:14', '2017-02-23 08:44:34'),
('c3a0d1484e683d36cf8aa1ac7279377038717dc4', 2, 'Mozilla/5.0 (iPhone; CPU iPhone OS 9_3_2 like Mac OS X) AppleWebKit/601.1.46 (KHTML, like Gecko) Version/9.0 Mobile/13F69 Safari/601.1', '2018-02-26 20:53:04', '2017-02-26 20:53:04', '2017-03-19 17:13:33'),
('da868a960251ddf4b36c95adcd9dcb8d0376ef4e', 2, 'Mozilla/5.0 (iPhone; CPU iPhone OS 9_3_2 like Mac OS X) AppleWebKit/601.1.46 (KHTML, like Gecko) Version/9.0 Mobile/13F69 Safari/601.1', '2018-02-19 20:34:19', '2017-02-19 20:34:19', '2017-02-25 15:05:25');

-- --------------------------------------------------------

--
-- テーブルの構造 `users`
--

CREATE TABLE `users` (
  `id` tinyint(4) NOT NULL,
  `username` varchar(32) NOT NULL,
  `fullname` varchar(128) NOT NULL,
  `label` varchar(50) NOT NULL COMMENT 'Class HTML',
  `password` varchar(256) NOT NULL COMMENT 'blowfish',
  `locked_on` datetime DEFAULT NULL,
  `lock_duration` int(11) NOT NULL DEFAULT '0',
  `login_attemps` int(11) NOT NULL DEFAULT '0'
) ENGINE=InnoDB DEFAULT CHARSET=utf8;

--
-- テーブルのデータのダンプ `users`
--

INSERT INTO `users` (`id`, `username`, `fullname`, `label`, `password`, `locked_on`, `lock_duration`, `login_attemps`) VALUES
(1, 'bach', 'Bách', 'label-info', '$2y$10$z6CtOID4gEhYjyDLAfwR.uy64dvSeTSrz68OZFx1G7MQnXSG8CZy6', NULL, 0, 0),
(2, 'hiep', 'Hiệp', 'label-warning', '$2y$10$nP3mpna8r5tHuyBp1KOeweR3hO.b4k9Z8NkGtsYSj.45GMdfHZEvi', NULL, 0, 0);

--
-- Indexes for dumped tables
--

--
-- Indexes for table `accounts`
--
ALTER TABLE `accounts`
  ADD PRIMARY KEY (`id`),
  ADD UNIQUE KEY `name` (`name`);

--
-- Indexes for table `categories`
--
ALTER TABLE `categories`
  ADD PRIMARY KEY (`id`),
  ADD KEY `iotid` (`inout_type_id`);

--
-- Indexes for table `inout_records`
--
ALTER TABLE `inout_records`
  ADD PRIMARY KEY (`id`),
  ADD KEY `category_id` (`category_id`) USING BTREE,
  ADD KEY `account_id` (`account_id`) USING BTREE,
  ADD KEY `user_id` (`player`) USING BTREE,
  ADD KEY `created_by` (`created_by`),
  ADD KEY `modified_by` (`modified_by`);

--
-- Indexes for table `inout_types`
--
ALTER TABLE `inout_types`
  ADD PRIMARY KEY (`id`),
  ADD UNIQUE KEY `name` (`name`);

--
-- Indexes for table `settings`
--
ALTER TABLE `settings`
  ADD PRIMARY KEY (`item`);

--
-- Indexes for table `tokens`
--
ALTER TABLE `tokens`
  ADD PRIMARY KEY (`token`),
  ADD KEY `user_id` (`user_id`);

--
-- Indexes for table `users`
--
ALTER TABLE `users`
  ADD PRIMARY KEY (`id`),
  ADD UNIQUE KEY `name` (`username`);

--
-- AUTO_INCREMENT for dumped tables
--

--
-- AUTO_INCREMENT for table `accounts`
--
ALTER TABLE `accounts`
  MODIFY `id` tinyint(4) NOT NULL AUTO_INCREMENT, AUTO_INCREMENT=3;
--
-- AUTO_INCREMENT for table `categories`
--
ALTER TABLE `categories`
  MODIFY `id` tinyint(4) NOT NULL AUTO_INCREMENT, AUTO_INCREMENT=39;
--
-- AUTO_INCREMENT for table `inout_records`
--
ALTER TABLE `inout_records`
  MODIFY `id` int(11) NOT NULL AUTO_INCREMENT, AUTO_INCREMENT=1113;
--
-- AUTO_INCREMENT for table `inout_types`
--
ALTER TABLE `inout_types`
  MODIFY `id` tinyint(1) UNSIGNED NOT NULL AUTO_INCREMENT, AUTO_INCREMENT=3;
--
-- AUTO_INCREMENT for table `users`
--
ALTER TABLE `users`
  MODIFY `id` tinyint(4) NOT NULL AUTO_INCREMENT, AUTO_INCREMENT=3;
--
-- ダンプしたテーブルの制約
--

--
-- テーブルの制約 `inout_records`
--
ALTER TABLE `inout_records`
  ADD CONSTRAINT `inout_records_ibfk_1` FOREIGN KEY (`account_id`) REFERENCES `accounts` (`id`) ON DELETE NO ACTION ON UPDATE CASCADE,
  ADD CONSTRAINT `inout_records_ibfk_2` FOREIGN KEY (`category_id`) REFERENCES `categories` (`id`) ON DELETE NO ACTION ON UPDATE CASCADE,
  ADD CONSTRAINT `inout_records_ibfk_3` FOREIGN KEY (`player`) REFERENCES `users` (`id`) ON DELETE NO ACTION ON UPDATE CASCADE,
  ADD CONSTRAINT `inout_records_ibfk_4` FOREIGN KEY (`created_by`) REFERENCES `users` (`id`) ON DELETE NO ACTION ON UPDATE CASCADE,
  ADD CONSTRAINT `inout_records_ibfk_5` FOREIGN KEY (`modified_by`) REFERENCES `users` (`id`) ON DELETE NO ACTION ON UPDATE CASCADE;

--
-- テーブルの制約 `tokens`
--
ALTER TABLE `tokens`
  ADD CONSTRAINT `tokens_ibfk_1` FOREIGN KEY (`user_id`) REFERENCES `users` (`id`) ON DELETE CASCADE ON UPDATE CASCADE;

/*!40101 SET CHARACTER_SET_CLIENT=@OLD_CHARACTER_SET_CLIENT */;
/*!40101 SET CHARACTER_SET_RESULTS=@OLD_CHARACTER_SET_RESULTS */;
/*!40101 SET COLLATION_CONNECTION=@OLD_COLLATION_CONNECTION */;
