-- phpMyAdmin SQL Dump
-- version 4.0.10.14
-- http://www.phpmyadmin.net
--
-- ホスト: localhost:3306
-- 生成日時: 2016 年 9 月 18 日 03:10
-- サーバのバージョン: 5.5.49-cll-lve
-- PHP のバージョン: 5.6.20

SET SQL_MODE = "NO_AUTO_VALUE_ON_ZERO";
SET time_zone = "+00:00";


/*!40101 SET @OLD_CHARACTER_SET_CLIENT=@@CHARACTER_SET_CLIENT */;
/*!40101 SET @OLD_CHARACTER_SET_RESULTS=@@CHARACTER_SET_RESULTS */;
/*!40101 SET @OLD_COLLATION_CONNECTION=@@COLLATION_CONNECTION */;
/*!40101 SET NAMES utf8 */;

--
-- データベース: `nvb-online_kakeibou`
--

-- --------------------------------------------------------

--
-- テーブルの構造 `accounts`
--

CREATE TABLE IF NOT EXISTS `accounts` (
  `id` tinyint(4) NOT NULL AUTO_INCREMENT,
  `name` varchar(128) NOT NULL,
  `description` varchar(256) NOT NULL COMMENT 'Ghi chú cho tài khoản',
  PRIMARY KEY (`id`),
  UNIQUE KEY `name` (`name`)
) ENGINE=InnoDB  DEFAULT CHARSET=utf8 COMMENT='Phân loại các tài khoản ngân hàng' AUTO_INCREMENT=3 ;

--
-- テーブルのデータのダンプ `accounts`
--

INSERT INTO `accounts` (`id`, `name`, `description`) VALUES
(1, 'Tiền mặt', ''),
(2, 'Yucho', '');

-- --------------------------------------------------------

--
-- テーブルの構造 `categories`
--

CREATE TABLE IF NOT EXISTS `categories` (
  `id` tinyint(4) NOT NULL AUTO_INCREMENT,
  `name` varchar(128) NOT NULL,
  `order_no` tinyint(3) unsigned NOT NULL,
  `inout_type_id` tinyint(1) unsigned NOT NULL DEFAULT '0' COMMENT 'id quy định loại thu, chi, mượn, cho mượn',
  `month_fixed_money` tinyint(1) NOT NULL DEFAULT '0' COMMENT 'Có phải là tiền cố định hàng tháng không',
  `restrict_delete` tinyint(1) NOT NULL DEFAULT '0' COMMENT 'không cho delete',
  PRIMARY KEY (`id`),
  KEY `iotid` (`inout_type_id`)
) ENGINE=InnoDB  DEFAULT CHARSET=utf8 AUTO_INCREMENT=34 ;

--
-- テーブルのデータのダンプ `categories`
--

INSERT INTO `categories` (`id`, `name`, `order_no`, `inout_type_id`, `month_fixed_money`, `restrict_delete`) VALUES
(1, 'Rút tiền từ tài khoản*', 1, 2, 0, 1),
(2, 'Rút tiền từ tài khoản*', 1, 1, 0, 1),
(3, 'Nạp tiền vô tài khoản*', 2, 1, 0, 1),
(4, 'Nạp tiền vô tài khoản*', 2, 2, 0, 1),
(5, 'Chuyển tiền qua tay*', 3, 2, 0, 1),
(6, 'Chuyển tiền qua tay*', 3, 1, 0, 1),
(21, 'Ăn uống', 0, 2, 0, 0),
(22, 'Đi lại', 8, 2, 0, 0),
(23, 'Giải trí', 5, 2, 0, 0),
(24, 'Góp tiền hàng tháng', 0, 1, 0, 0),
(25, 'Điện, nước, gas, internet', 7, 2, 1, 0),
(26, 'Khác', 1, 1, 0, 0),
(27, 'Đồ gia dụng lặt vặt', 3, 2, 0, 0),
(28, 'Trả thẻ credit', 1, 2, 1, 0),
(29, 'Áo quần, giày dép', 4, 2, 0, 0),
(30, 'Điện thoại', 2, 2, 1, 0),
(31, 'Bảo hiểm, thuế', 6, 2, 1, 0),
(32, 'Khác', 9, 2, 0, 0);

-- --------------------------------------------------------

--
-- テーブルの構造 `inout_records`
--

CREATE TABLE IF NOT EXISTS `inout_records` (
  `id` int(11) NOT NULL AUTO_INCREMENT,
  `account_id` tinyint(4) NOT NULL,
  `category_id` tinyint(4) NOT NULL,
  `pair_id` varchar(32) NOT NULL COMMENT 'Chứa unique string có chiều dài 32 ký tự',
  `player` tinyint(4) NOT NULL COMMENT 'id người phụ trách',
  `cash_flow` varchar(24) NOT NULL,
  `amount` int(11) NOT NULL,
  `memo` varchar(128) NOT NULL,
  `date` date NOT NULL,
  `created_on` datetime NOT NULL,
  `created_by` tinyint(4) NOT NULL,
  PRIMARY KEY (`id`),
  KEY `category_id` (`category_id`) USING BTREE,
  KEY `account_id` (`account_id`) USING BTREE,
  KEY `user_id` (`player`) USING BTREE,
  KEY `created_by` (`created_by`)
) ENGINE=InnoDB  DEFAULT CHARSET=utf8 COMMENT='ghi chép thu chi' AUTO_INCREMENT=355 ;

--
-- テーブルのデータのダンプ `inout_records`
--

INSERT INTO `inout_records` (`id`, `account_id`, `category_id`, `pair_id`, `player`, `cash_flow`, `amount`, `memo`, `date`, `created_on`, `created_by`) VALUES
(12, 2, 26, '', 2, 'income', 274848, 'Khởi tạo', '2016-06-26', '2016-06-26 23:26:28', 2),
(13, 1, 32, '', 1, 'outgo', -1594, 'Khởi tạo', '2016-06-26', '2016-06-26 23:32:05', 1),
(14, 1, 21, '', 1, 'outgo', -500, '', '2016-06-27', '2016-06-27 12:42:11', 1),
(15, 1, 26, '', 2, 'income', 182, 'Khởi tạo', '2016-06-26', '2016-06-27 18:55:33', 1),
(16, 2, 28, '', 1, 'outgo', -69492, '', '2016-06-27', '2016-06-27 21:18:00', 1),
(17, 1, 21, '', 1, 'outgo', -350, '', '2016-06-28', '2016-06-28 12:08:15', 1),
(27, 1, 21, '', 2, 'outgo', -1125, '', '2016-06-25', '2016-06-28 23:52:36', 2),
(28, 1, 21, '', 2, 'outgo', -1282, '', '2016-06-28', '2016-06-28 23:53:01', 2),
(31, 1, 5, '4d89006fc4955c2e1841f0f9656b9067', 2, 'handover', -10000, '', '2016-06-28', '2016-06-28 23:53:41', 2),
(32, 1, 6, '4d89006fc4955c2e1841f0f9656b9067', 1, 'handover', 10000, '', '2016-06-28', '2016-06-28 23:53:41', 2),
(33, 1, 21, '', 1, 'outgo', -450, '', '2016-06-29', '2016-06-29 12:13:35', 1),
(34, 1, 21, '', 1, 'outgo', -458, '', '2016-06-30', '2016-06-30 12:42:39', 1),
(35, 1, 21, '', 2, 'outgo', -855, '', '2016-06-29', '2016-06-30 23:18:24', 2),
(36, 1, 21, '', 2, 'outgo', -852, '', '2016-06-30', '2016-06-30 23:18:44', 2),
(37, 1, 21, '', 2, 'outgo', -626, '', '2016-06-29', '2016-06-30 23:19:02', 2),
(38, 1, 31, '', 2, 'outgo', -4620, '', '2016-06-30', '2016-06-30 23:19:30', 2),
(39, 1, 25, '', 2, 'outgo', -1414, 'Internet', '2016-06-30', '2016-06-30 23:19:52', 2),
(41, 1, 21, '', 1, 'outgo', -480, '', '2016-07-01', '2016-07-01 12:10:53', 1),
(42, 2, 24, '', 1, 'income', 120000, '', '2016-07-02', '2016-07-01 19:04:59', 1),
(43, 2, 1, '6a8e2de7d91f0579f758503b1201a6bf', 2, 'drawer', -10000, '', '2016-07-02', '2016-07-02 10:37:08', 1),
(44, 1, 2, '6a8e2de7d91f0579f758503b1201a6bf', 2, 'drawer', 10000, '', '2016-07-02', '2016-07-02 10:37:08', 1),
(45, 2, 1, '5164f16503d3789513e4b1990f6833a7', 1, 'drawer', -10000, '', '2016-07-02', '2016-07-02 10:37:28', 1),
(46, 1, 2, '5164f16503d3789513e4b1990f6833a7', 1, 'drawer', 10000, '', '2016-07-02', '2016-07-02 10:37:28', 1),
(47, 1, 32, '', 1, 'outgo', -540, 'Daiso', '2016-07-02', '2016-07-02 11:09:30', 1),
(48, 1, 21, '', 1, 'outgo', -1921, '', '2016-07-02', '2016-07-02 12:17:02', 1),
(49, 2, 25, '', 1, 'outgo', -3421, 'Gas', '2016-06-30', '2016-07-02 12:18:59', 1),
(50, 2, 25, '', 1, 'outgo', -5022, 'Internet', '2016-06-30', '2016-07-02 12:19:27', 1),
(51, 1, 32, '', 1, 'outgo', -494, 'Đất trồng cây', '2016-07-03', '2016-07-03 13:07:24', 1),
(53, 1, 21, '', 1, 'outgo', -762, 'Nước uống', '2016-07-03', '2016-07-03 19:06:27', 1),
(54, 1, 21, '', 1, 'outgo', -1, '', '2016-07-03', '2016-07-03 19:37:56', 1),
(55, 1, 21, '', 1, 'outgo', -246, '', '2016-07-03', '2016-07-03 20:03:30', 1),
(56, 1, 21, '', 2, 'outgo', -90, '', '2016-07-02', '2016-07-03 22:18:04', 2),
(57, 1, 21, '', 2, 'outgo', -800, '', '2016-07-03', '2016-07-03 22:18:34', 2),
(58, 1, 21, '', 2, 'outgo', -1452, '', '2016-07-02', '2016-07-03 22:18:58', 2),
(59, 1, 21, '', 2, 'outgo', -1285, '', '2016-07-02', '2016-07-03 22:19:23', 2),
(60, 1, 21, '', 2, 'outgo', -950, '', '2016-07-02', '2016-07-03 22:19:45', 2),
(61, 1, 21, '', 2, 'outgo', -98, '', '2016-07-03', '2016-07-03 22:20:01', 2),
(62, 1, 21, '', 2, 'outgo', -2299, '', '2016-07-02', '2016-07-03 22:20:21', 2),
(63, 1, 21, '', 1, 'outgo', -500, '', '2016-07-04', '2016-07-04 18:14:52', 1),
(64, 1, 21, '', 1, 'outgo', -450, '', '2016-07-05', '2016-07-05 19:33:04', 1),
(65, 1, 27, '', 1, 'outgo', -210, 'Giấy vệ sinh', '2016-07-05', '2016-07-05 19:33:48', 1),
(66, 1, 21, '', 1, 'outgo', -484, '', '2016-07-05', '2016-07-05 19:34:04', 1),
(67, 1, 21, '', 1, 'outgo', -399, '', '2016-07-05', '2016-07-05 19:57:28', 1),
(68, 1, 21, '', 2, 'outgo', -451, '', '2016-07-05', '2016-07-05 20:06:56', 1),
(69, 1, 21, '', 2, 'outgo', -1035, '', '2016-07-05', '2016-07-05 20:07:10', 1),
(70, 1, 21, '', 1, 'outgo', -630, '', '2016-07-06', '2016-07-06 18:35:34', 1),
(71, 1, 21, '', 1, 'outgo', -338, '', '2016-07-06', '2016-07-06 19:58:21', 1),
(72, 2, 25, '', 1, 'outgo', -2575, 'Điện', '2016-07-06', '2016-07-06 22:34:47', 1),
(73, 1, 21, '', 2, 'outgo', -2527, '', '2016-07-06', '2016-07-06 22:35:29', 1),
(74, 1, 21, '', 2, 'outgo', -316, '', '2016-07-06', '2016-07-07 09:17:12', 2),
(75, 1, 21, '', 1, 'outgo', -520, '', '2016-07-07', '2016-07-07 12:35:16', 1),
(76, 2, 24, '', 2, 'income', 70000, '', '2016-07-08', '2016-07-08 12:24:25', 2),
(77, 2, 1, '2aa18665588b84adb7fad71752853c00', 2, 'drawer', -10000, '', '2016-07-08', '2016-07-08 12:25:45', 2),
(78, 1, 2, '2aa18665588b84adb7fad71752853c00', 2, 'drawer', 10000, '', '2016-07-08', '2016-07-08 12:25:45', 2),
(79, 1, 21, '', 2, 'outgo', -678, '', '2016-07-07', '2016-07-08 12:27:10', 2),
(80, 1, 21, '', 2, 'outgo', -216, '', '2016-07-07', '2016-07-08 12:27:27', 2),
(81, 1, 21, '', 1, 'outgo', -880, '', '2016-07-08', '2016-07-08 19:35:11', 1),
(82, 1, 21, '', 2, 'outgo', -183, '', '2016-07-08', '2016-07-09 02:24:56', 2),
(83, 1, 21, '', 2, 'outgo', -18, '', '2016-07-08', '2016-07-09 02:25:11', 2),
(84, 2, 25, '', 1, 'outgo', -5883, 'Nước', '2016-07-07', '2016-07-09 08:43:16', 1),
(86, 1, 23, '', 2, 'outgo', -1530, 'nhà Khanh Bông', '2016-07-09', '2016-07-09 17:24:20', 2),
(87, 1, 23, '', 1, 'outgo', -500, 'nhà Khanh Bông', '2016-07-09', '2016-07-09 22:14:14', 1),
(88, 1, 21, '', 1, 'outgo', -1348, '', '2016-07-09', '2016-07-09 23:25:55', 1),
(96, 1, 21, '', 2, 'outgo', -1103, '', '2016-07-10', '2016-07-10 20:00:09', 2),
(97, 2, 28, '', 1, 'outgo', -29252, '', '2016-07-26', '2016-07-10 23:22:36', 1),
(98, 1, 21, '', 1, 'outgo', -580, '', '2016-07-11', '2016-07-11 12:47:31', 1),
(99, 1, 21, '', 2, 'outgo', -2341, '', '2016-07-11', '2016-07-11 18:50:55', 2),
(101, 1, 21, '', 1, 'outgo', -480, '', '2016-07-12', '2016-07-12 12:13:17', 1),
(102, 2, 1, '76c77186fb08e61d45d28fdcead1bd00', 2, 'drawer', -10000, '', '2016-07-12', '2016-07-12 12:37:48', 2),
(103, 1, 2, '76c77186fb08e61d45d28fdcead1bd00', 2, 'drawer', 10000, '', '2016-07-12', '2016-07-12 12:37:48', 2),
(104, 1, 21, '', 1, 'outgo', -480, '', '2016-07-13', '2016-07-13 12:19:53', 1),
(105, 1, 21, '', 2, 'outgo', -893, '', '2016-07-13', '2016-07-13 19:45:44', 2),
(106, 1, 21, '', 1, 'outgo', -500, '', '2016-07-14', '2016-07-14 12:52:33', 1),
(107, 1, 21, '', 1, 'outgo', -108, '', '2016-07-14', '2016-07-14 20:24:51', 2),
(108, 1, 21, '', 2, 'outgo', -1417, '', '2016-07-15', '2016-07-15 10:23:39', 2),
(109, 1, 21, '', 2, 'outgo', -3290, '', '2016-07-15', '2016-07-15 12:18:42', 2),
(110, 1, 21, '', 1, 'outgo', -690, '', '2016-07-15', '2016-07-15 13:48:29', 1),
(111, 1, 25, '', 2, 'outgo', -1414, 'Internet', '2016-07-16', '2016-07-16 13:41:13', 2),
(112, 1, 21, '', 2, 'outgo', -246, '', '2016-07-16', '2016-07-16 13:41:24', 2),
(113, 1, 21, '', 2, 'outgo', -2751, '', '2016-07-16', '2016-07-16 14:27:18', 2),
(115, 2, 24, '', 1, 'income', 928, 'Công ty trả tiền đi lại', '2016-07-13', '2016-07-17 09:57:45', 1),
(117, 1, 21, '', 2, 'outgo', -1775, '外食', '2016-07-17', '2016-07-18 00:21:44', 2),
(118, 1, 21, '', 2, 'outgo', -1032, '', '2016-07-17', '2016-07-18 00:22:06', 2),
(119, 1, 21, '', 2, 'outgo', -968, '', '2016-07-18', '2016-07-19 12:41:36', 2),
(120, 1, 27, '', 2, 'outgo', -648, '', '2016-07-18', '2016-07-19 12:42:07', 2),
(121, 1, 21, '', 2, 'outgo', -1547, '', '2016-07-19', '2016-07-19 23:34:03', 2),
(122, 1, 21, '', 2, 'outgo', -646, '', '2016-07-20', '2016-07-21 11:57:47', 2),
(123, 1, 21, '', 2, 'outgo', -900, '', '2016-07-22', '2016-07-22 22:00:37', 2),
(124, 1, 32, '', 1, 'outgo', -480, 'In ảnh', '2016-07-23', '2016-07-23 11:30:43', 1),
(125, 1, 32, '', 1, 'outgo', -432, 'Khung ảnh', '2016-07-23', '2016-07-23 11:31:19', 1),
(126, 1, 5, '099f95a2d2142d460795bcf0bee7cbf6', 1, 'handover', -3000, '', '2016-07-23', '2016-07-23 17:06:34', 1),
(127, 1, 6, '099f95a2d2142d460795bcf0bee7cbf6', 2, 'handover', 3000, '', '2016-07-23', '2016-07-23 17:06:34', 1),
(128, 1, 21, '', 1, 'outgo', -278, 'Bánh mỳ', '2016-07-24', '2016-07-24 19:08:49', 1),
(129, 2, 1, 'f8483d7859eca4ebe4a0ec29ea1c8fc5', 2, 'drawer', -20000, '', '2016-06-28', '2016-07-24 22:32:36', 1),
(130, 1, 2, 'f8483d7859eca4ebe4a0ec29ea1c8fc5', 2, 'drawer', 20000, '', '2016-06-28', '2016-07-24 22:32:36', 1),
(137, 1, 21, '', 1, 'outgo', -690, '', '2016-07-25', '2016-07-25 12:41:50', 1),
(138, 1, 21, '', 2, 'outgo', -506, '', '2016-07-24', '2016-07-25 12:42:06', 2),
(139, 1, 21, '', 2, 'outgo', -131, '', '2016-07-23', '2016-07-25 12:42:27', 2),
(140, 1, 21, '', 2, 'outgo', -4780, '', '2016-07-23', '2016-07-25 12:43:19', 2),
(141, 2, 1, 'ae0627ae44e48c732a3e0013ca6d68e7', 2, 'drawer', -30000, '', '2016-07-25', '2016-07-25 18:21:22', 2),
(142, 1, 2, 'ae0627ae44e48c732a3e0013ca6d68e7', 2, 'drawer', 30000, '', '2016-07-25', '2016-07-25 18:21:22', 2),
(143, 1, 21, '', 1, 'outgo', -600, '', '2016-07-25', '2016-07-25 23:04:35', 1),
(144, 1, 21, '', 2, 'outgo', -2860, '', '2016-07-25', '2016-07-26 01:29:05', 2),
(148, 1, 21, '', 2, 'outgo', -346, '', '2016-07-27', '2016-07-27 19:23:04', 2),
(149, 1, 21, '', 1, 'outgo', -418, '', '2016-07-27', '2016-07-27 20:28:36', 1),
(150, 1, 32, '', 2, 'outgo', -21000, 'Thuế 市民税', '2016-07-27', '2016-07-27 20:29:44', 1),
(151, 1, 25, '', 2, 'outgo', -3050, 'Điện tháng 5', '2016-07-27', '2016-07-27 20:30:29', 1),
(153, 1, 21, '', 2, 'outgo', -172, '', '2016-07-28', '2016-07-28 12:05:09', 2),
(154, 1, 21, '', 1, 'outgo', -680, '', '2016-07-28', '2016-07-28 12:46:09', 1),
(155, 1, 21, '', 2, 'outgo', -550, '', '2016-07-28', '2016-07-28 15:14:33', 2),
(156, 1, 21, '', 1, 'outgo', -399, '', '2016-07-28', '2016-07-28 20:40:22', 1),
(157, 1, 21, '', 1, 'outgo', -293, '', '2016-07-28', '2016-07-28 20:40:31', 1),
(158, 1, 21, '', 1, 'outgo', -538, '', '2016-07-29', '2016-07-29 12:44:54', 1),
(159, 1, 21, '', 2, 'outgo', -650, '', '2016-07-28', '2016-07-29 19:13:41', 2),
(160, 1, 21, '', 2, 'outgo', -1460, '', '2016-07-28', '2016-07-29 19:14:05', 2),
(161, 1, 21, '', 2, 'outgo', -1950, '', '2016-07-29', '2016-07-29 19:50:20', 2),
(162, 1, 21, '', 1, 'outgo', -1000, '', '2016-07-30', '2016-07-30 22:03:44', 1),
(163, 1, 21, '', 1, 'outgo', -1833, '', '2016-07-30', '2016-07-30 22:31:56', 1),
(164, 1, 21, '', 1, 'outgo', -108, '', '2016-07-30', '2016-07-30 22:32:14', 1),
(165, 1, 21, '', 1, 'outgo', -454, '', '2016-07-29', '2016-07-30 22:32:47', 1),
(166, 2, 24, '', 1, 'income', 120000, '', '2016-08-01', '2016-07-30 22:36:56', 1),
(167, 2, 1, '22d9a90c41c5edacf7207a8224597c8e', 1, 'drawer', -10000, '', '2016-07-30', '2016-07-30 22:38:17', 1),
(168, 1, 2, '22d9a90c41c5edacf7207a8224597c8e', 1, 'drawer', 10000, '', '2016-07-30', '2016-07-30 22:38:17', 1),
(169, 2, 1, 'edf8bcc719199223231d8ac6b18fa1e2', 2, 'drawer', -20000, '', '2016-07-30', '2016-07-30 22:38:31', 1),
(170, 1, 2, 'edf8bcc719199223231d8ac6b18fa1e2', 2, 'drawer', 20000, '', '2016-07-30', '2016-07-30 22:38:31', 1),
(176, 1, 21, '', 2, 'outgo', -950, '', '2016-07-31', '2016-07-31 19:42:35', 2),
(177, 1, 21, '', 2, 'outgo', -101, '', '2016-07-31', '2016-07-31 19:42:49', 2),
(178, 1, 21, '', 1, 'outgo', -100, 'Nước uống', '2016-08-01', '2016-08-01 12:38:23', 1),
(179, 1, 21, '', 2, 'outgo', -2246, '', '2016-08-01', '2016-08-01 22:49:23', 1),
(180, 1, 21, '', 1, 'outgo', -680, '', '2016-08-02', '2016-08-02 16:13:57', 1),
(181, 1, 21, '', 2, 'outgo', -1120, '', '2016-08-02', '2016-08-02 22:10:51', 2),
(182, 1, 21, '', 1, 'outgo', -590, '', '2016-08-03', '2016-08-03 20:16:22', 1),
(183, 1, 21, '', 2, 'outgo', -1313, '', '2016-08-03', '2016-08-03 20:42:55', 1),
(184, 1, 21, '', 1, 'outgo', -560, '', '2016-08-04', '2016-08-04 12:12:32', 1),
(185, 1, 21, '', 1, 'outgo', -644, '', '2016-08-04', '2016-08-04 21:45:43', 1),
(186, 1, 21, '', 2, 'outgo', -1535, '', '2016-08-05', '2016-08-05 20:10:25', 2),
(187, 1, 21, '', 1, 'outgo', -1080, '', '2016-08-05', '2016-08-05 20:32:18', 1),
(188, 1, 21, '', 1, 'outgo', -116, '', '2016-08-05', '2016-08-05 21:25:21', 1),
(189, 1, 21, '', 2, 'outgo', -1712, '', '2016-08-06', '2016-08-06 11:27:06', 2),
(190, 1, 21, '', 1, 'outgo', -680, '', '2016-08-07', '2016-08-07 20:44:00', 1),
(191, 1, 23, '', 1, 'outgo', -9033, 'Đi biển Chiba', '2016-08-07', '2016-08-07 22:53:41', 1),
(192, 2, 25, '', 1, 'outgo', -2286, 'Gas', '2016-08-01', '2016-08-07 23:10:16', 1),
(193, 2, 25, '', 1, 'outgo', -4482, 'Internet', '2016-08-01', '2016-08-07 23:10:51', 1),
(194, 2, 25, '', 1, 'outgo', -3297, 'Điện', '2016-08-05', '2016-08-07 23:11:58', 1),
(195, 2, 24, '', 1, 'income', 622, 'Công ty trả tiền đi lại', '2016-08-05', '2016-08-07 23:12:34', 1),
(197, 1, 21, '', 2, 'outgo', -1400, '', '2016-08-06', '2016-08-07 23:38:30', 2),
(198, 1, 21, '', 2, 'outgo', -888, '', '2016-08-06', '2016-08-08 11:01:35', 2),
(199, 1, 21, '', 2, 'outgo', -668, '', '2016-08-07', '2016-08-08 11:01:49', 2),
(200, 1, 21, '', 2, 'outgo', -4282, '', '2016-08-08', '2016-08-08 11:03:05', 2),
(206, 2, 1, '86ac8b911690d0052ad6bf29a572964e', 2, 'drawer', -20000, '', '2016-08-08', '2016-08-08 11:05:00', 2),
(207, 1, 2, '86ac8b911690d0052ad6bf29a572964e', 2, 'drawer', 20000, '', '2016-08-08', '2016-08-08 11:05:00', 2),
(208, 2, 24, '', 2, 'income', 90000, '', '2016-08-08', '2016-08-08 11:08:08', 2),
(209, 2, 1, '345ca2655e89664c84d19aa7bf4cd638', 1, 'drawer', -20000, '', '2016-08-08', '2016-08-08 11:10:33', 2),
(210, 1, 2, '345ca2655e89664c84d19aa7bf4cd638', 1, 'drawer', 20000, '', '2016-08-08', '2016-08-08 11:10:33', 2),
(211, 1, 21, '', 2, 'outgo', -927, '', '2016-08-05', '2016-08-08 11:14:57', 1),
(212, 2, 28, '', 1, 'outgo', -52567, '', '2016-08-26', '2016-08-08 22:30:27', 1),
(217, 1, 30, '', 2, 'outgo', -8333, '', '2016-07-26', '2016-08-09 11:40:25', 1),
(218, 1, 21, '', 2, 'outgo', -1217, '', '2016-08-09', '2016-08-09 21:43:09', 2),
(219, 2, 31, '', 2, 'outgo', -44980, 'Bảo hiểm T8,9,10,11', '2016-08-09', '2016-08-09 21:43:50', 2),
(220, 2, 1, 'eb4987c06214fb307bee74f4ffa97ab3', 2, 'drawer', -5020, '', '2016-08-09', '2016-08-09 21:46:14', 2),
(221, 1, 2, 'eb4987c06214fb307bee74f4ffa97ab3', 2, 'drawer', 5020, '', '2016-08-09', '2016-08-09 21:46:14', 2),
(222, 1, 21, '', 1, 'outgo', -580, '', '2016-08-10', '2016-08-10 12:10:45', 2),
(223, 1, 31, '', 2, 'outgo', -20000, 'Thuế 市民税', '2016-08-10', '2016-08-10 12:44:25', 2),
(224, 2, 1, 'ade15d5f7464df4097cf8a3b698b6b0b', 2, 'drawer', -20000, '', '2016-08-10', '2016-08-10 12:44:46', 2),
(225, 1, 2, 'ade15d5f7464df4097cf8a3b698b6b0b', 2, 'drawer', 20000, '', '2016-08-10', '2016-08-10 12:44:46', 2),
(226, 1, 21, '', 1, 'outgo', -500, '', '2016-08-12', '2016-08-12 12:54:54', 1),
(227, 1, 21, '', 2, 'outgo', -1726, '', '2016-08-10', '2016-08-13 07:33:22', 2),
(228, 1, 21, '', 2, 'outgo', -1770, '', '2016-08-11', '2016-08-13 07:33:48', 2),
(229, 1, 21, '', 2, 'outgo', -493, '', '2016-08-12', '2016-08-13 07:34:08', 2),
(230, 1, 5, '1765e6945c561d480d22c898b6ce979d', 1, 'handover', -1000, '', '2016-08-13', '2016-08-13 20:00:17', 1),
(231, 1, 6, '1765e6945c561d480d22c898b6ce979d', 2, 'handover', 1000, '', '2016-08-13', '2016-08-13 20:00:17', 1),
(232, 1, 21, '', 2, 'outgo', -3000, '', '2016-08-13', '2016-08-14 20:04:16', 2),
(233, 1, 21, '', 2, 'outgo', -1000, '', '2016-08-14', '2016-08-14 20:05:14', 2),
(234, 1, 21, '', 2, 'outgo', -474, '', '2016-08-13', '2016-08-14 23:36:37', 2),
(235, 1, 21, '', 2, 'outgo', -5305, '', '2016-08-13', '2016-08-14 23:38:25', 2),
(236, 1, 21, '', 1, 'outgo', -580, '', '2016-08-15', '2016-08-15 12:08:29', 1),
(237, 1, 21, '', 1, 'outgo', -211, '', '2016-08-15', '2016-08-15 19:38:33', 1),
(238, 1, 21, '', 1, 'outgo', -322, '', '2016-08-15', '2016-08-15 19:42:19', 1),
(239, 1, 21, '', 2, 'outgo', -547, '', '2016-08-16', '2016-08-16 20:33:24', 1),
(240, 1, 21, '', 1, 'outgo', -800, '', '2016-08-17', '2016-08-17 19:40:06', 1),
(241, 1, 21, '', 1, 'outgo', -408, '', '2016-08-17', '2016-08-17 20:21:26', 1),
(242, 1, 21, '', 2, 'outgo', -98, '', '2016-08-17', '2016-08-17 21:36:28', 2),
(243, 1, 21, '', 1, 'outgo', -700, '', '2016-08-18', '2016-08-18 22:16:09', 1),
(244, 1, 21, '', 1, 'outgo', -580, '', '2016-08-19', '2016-08-19 22:11:07', 1),
(245, 1, 21, '', 2, 'outgo', -3800, '', '2016-08-19', '2016-08-20 00:27:18', 2),
(246, 1, 5, '7aa0ba9fe546eb681f744984ffbb3e23', 1, 'handover', -5000, '', '2016-08-20', '2016-08-20 16:02:59', 1),
(247, 1, 6, '7aa0ba9fe546eb681f744984ffbb3e23', 2, 'handover', 5000, '', '2016-08-20', '2016-08-20 16:02:59', 1),
(248, 2, 1, '88f3a99847c40b1af3837b9de0deaa3f', 1, 'drawer', -20000, '', '2016-08-20', '2016-08-20 16:39:38', 1),
(249, 1, 2, '88f3a99847c40b1af3837b9de0deaa3f', 1, 'drawer', 20000, '', '2016-08-20', '2016-08-20 16:39:38', 1),
(250, 1, 21, '', 1, 'outgo', -1554, '', '2016-08-20', '2016-08-20 17:04:43', 1),
(252, 1, 5, 'f50a3d7527ab2b5448087c5108a9682f', 1, 'handover', -10000, '', '2016-08-21', '2016-08-21 18:14:30', 1),
(253, 1, 6, 'f50a3d7527ab2b5448087c5108a9682f', 2, 'handover', 10000, '', '2016-08-21', '2016-08-21 18:14:30', 1),
(254, 1, 21, '', 2, 'outgo', -432, '', '2016-08-20', '2016-08-21 18:23:12', 2),
(255, 1, 21, '', 2, 'outgo', -1203, '', '2016-08-20', '2016-08-21 18:23:28', 2),
(256, 1, 21, '', 2, 'outgo', -200, '', '2016-08-20', '2016-08-21 18:23:47', 2),
(257, 1, 21, '', 2, 'outgo', -1651, '', '2016-08-21', '2016-08-21 18:25:01', 2),
(258, 1, 21, '', 2, 'outgo', -1905, '', '2016-08-20', '2016-08-21 18:25:56', 2),
(259, 1, 21, '', 1, 'outgo', -581, '', '2016-08-21', '2016-08-21 18:46:59', 1),
(260, 1, 32, '', 1, 'outgo', -10, 'In zairyu card', '2016-08-21', '2016-08-21 22:02:38', 1),
(261, 1, 21, '', 2, 'outgo', -1573, '', '2016-08-22', '2016-08-22 19:20:11', 2),
(262, 1, 21, '', 2, 'outgo', -600, '', '2016-08-21', '2016-08-23 09:10:29', 2),
(263, 1, 21, '', 2, 'outgo', -900, '', '2016-08-23', '2016-08-23 19:31:34', 2),
(264, 1, 21, '', 1, 'outgo', -762, '', '2016-08-24', '2016-08-24 21:26:33', 1),
(267, 1, 21, '', 1, 'outgo', -500, '', '2016-08-26', '2016-08-26 12:37:37', 1),
(268, 1, 21, '', 2, 'outgo', -1143, '', '2016-08-26', '2016-08-26 19:39:45', 2),
(269, 1, 21, '', 1, 'outgo', -920, '', '2016-08-26', '2016-08-26 23:40:27', 1),
(270, 1, 21, '', 1, 'outgo', -872, '', '2016-08-27', '2016-08-27 18:59:05', 1),
(271, 1, 21, '', 2, 'outgo', -1058, '', '2016-08-28', '2016-08-28 11:52:09', 2),
(273, 2, 1, 'a4fee648343d0a9dbd5224a6755d5993', 1, 'drawer', -10000, '', '2016-08-28', '2016-08-28 18:59:26', 1),
(274, 1, 2, 'a4fee648343d0a9dbd5224a6755d5993', 1, 'drawer', 10000, '', '2016-08-28', '2016-08-28 18:59:26', 1),
(275, 2, 1, '58a1d94e6973161e8d1872c568e37b1e', 2, 'drawer', -10000, '', '2016-08-28', '2016-08-28 19:00:17', 1),
(276, 1, 2, '58a1d94e6973161e8d1872c568e37b1e', 2, 'drawer', 10000, '', '2016-08-28', '2016-08-28 19:00:17', 1),
(277, 1, 21, '', 2, 'outgo', -1404, '', '2016-08-28', '2016-08-28 19:39:52', 1),
(278, 1, 21, '', 1, 'outgo', -580, '', '2016-08-29', '2016-08-29 12:17:33', 1),
(279, 1, 21, '', 1, 'outgo', -365, '', '2016-08-29', '2016-08-29 20:24:48', 1),
(280, 1, 21, '', 1, 'outgo', -690, '', '2016-08-30', '2016-08-30 19:27:01', 1),
(281, 1, 21, '', 1, 'outgo', -147, '', '2016-08-30', '2016-08-30 20:15:16', 1),
(282, 1, 21, '', 2, 'outgo', -2244, '', '2016-08-25', '2016-08-31 10:57:01', 2),
(283, 1, 21, '', 2, 'outgo', -2228, '', '2016-08-25', '2016-08-31 10:57:23', 2),
(284, 1, 21, '', 2, 'outgo', -493, '', '2016-08-28', '2016-08-31 10:58:16', 2),
(285, 1, 21, '', 2, 'outgo', -675, '', '2016-08-21', '2016-08-31 10:59:02', 2),
(286, 1, 21, '', 2, 'outgo', -1616, '', '2016-08-30', '2016-08-31 10:59:21', 2),
(287, 1, 5, '819b9e8a7eedcc735d1f4248a701f2d2', 2, 'handover', -5000, '', '2016-09-01', '2016-09-01 07:37:33', 1),
(288, 1, 6, '819b9e8a7eedcc735d1f4248a701f2d2', 1, 'handover', 5000, '', '2016-09-01', '2016-09-01 07:37:33', 1),
(289, 1, 5, '89aedfa88da81ec44566f69d3f0c33ae', 2, 'handover', -5000, '', '2016-09-01', '2016-09-01 10:28:56', 2),
(290, 1, 6, '89aedfa88da81ec44566f69d3f0c33ae', 1, 'handover', 5000, '', '2016-09-01', '2016-09-01 10:28:56', 2),
(291, 1, 21, '', 1, 'outgo', -569, '', '2016-09-01', '2016-09-01 21:55:10', 1),
(292, 1, 21, '', 1, 'outgo', -171, '', '2016-09-02', '2016-09-02 20:24:21', 1),
(293, 2, 25, '', 1, 'outgo', -1026, 'Internet Yahoo', '2016-08-29', '2016-09-02 21:12:00', 1),
(294, 2, 25, '', 1, 'outgo', -1989, 'Gas', '2016-08-30', '2016-09-02 21:12:33', 1),
(295, 2, 25, '', 1, 'outgo', -4482, 'Internet NTT', '2016-08-31', '2016-09-02 21:13:18', 1),
(296, 1, 21, '', 1, 'outgo', -1148, '', '2016-09-03', '2016-09-03 18:48:51', 1),
(297, 2, 24, '', 1, 'income', 140000, '', '2016-09-04', '2016-09-04 16:40:54', 1),
(298, 1, 27, '', 1, 'outgo', -432, '', '2016-09-04', '2016-09-04 17:08:45', 1),
(299, 1, 21, '', 2, 'outgo', -1096, '', '2016-09-02', '2016-09-04 17:50:50', 2),
(300, 1, 21, '', 2, 'outgo', -2782, '', '2016-08-31', '2016-09-04 17:53:19', 2),
(301, 1, 27, '', 1, 'outgo', -475, 'カビキラー', '2016-09-04', '2016-09-04 18:07:20', 1),
(302, 1, 21, '', 1, 'outgo', -2673, '', '2016-09-04', '2016-09-04 18:07:46', 1),
(304, 1, 21, '', 1, 'outgo', -172, '', '2016-09-04', '2016-09-04 18:37:20', 1),
(307, 1, 30, '', 2, 'outgo', -7850, '', '2016-08-26', '2016-09-05 14:31:18', 2),
(308, 1, 21, '', 2, 'outgo', -108, '', '2016-09-05', '2016-09-05 17:14:12', 2),
(309, 1, 21, '', 2, 'outgo', -98, '', '2016-09-05', '2016-09-05 17:14:21', 2),
(310, 2, 24, '', 2, 'income', 75000, '', '2016-09-05', '2016-09-05 17:16:47', 2),
(313, 2, 1, 'ad509148342b72ae39eee6fe81619a83', 2, 'drawer', -20000, '', '2016-09-05', '2016-09-05 22:08:24', 2),
(314, 1, 2, 'ad509148342b72ae39eee6fe81619a83', 2, 'drawer', 20000, '', '2016-09-05', '2016-09-05 22:08:24', 2),
(315, 1, 21, '', 1, 'outgo', -500, '', '2016-09-06', '2016-09-06 12:48:13', 1),
(316, 1, 21, '', 2, 'outgo', -1190, '', '2016-09-06', '2016-09-06 19:39:58', 2),
(317, 1, 21, '', 1, 'outgo', -388, '', '2016-09-06', '2016-09-06 21:04:01', 1),
(318, 1, 21, '', 2, 'outgo', -584, '', '2016-09-07', '2016-09-07 20:10:41', 1),
(319, 1, 21, '', 1, 'outgo', -1065, '', '2016-09-08', '2016-09-08 20:55:52', 1),
(320, 1, 21, '', 1, 'outgo', -108, '', '2016-09-09', '2016-09-09 23:28:01', 1),
(321, 1, 32, '', 1, 'outgo', -907, 'Giặt áo quần', '2016-09-10', '2016-09-10 11:03:10', 1),
(322, 1, 21, '', 2, 'outgo', -1682, '', '2016-09-09', '2016-09-10 12:36:13', 2),
(323, 1, 21, '', 1, 'outgo', -173, '', '2016-09-10', '2016-09-10 12:42:44', 1),
(324, 1, 27, '', 1, 'outgo', -108, '', '2016-09-10', '2016-09-10 17:08:16', 1),
(325, 1, 32, '', 1, 'outgo', -1080, 'Quà Teen', '2016-09-11', '2016-09-11 13:18:11', 1),
(326, 1, 21, '', 1, 'outgo', -3074, '', '2016-09-11', '2016-09-11 13:18:21', 1),
(327, 1, 21, '', 2, 'outgo', -1407, '', '2016-09-11', '2016-09-11 13:55:29', 1),
(329, 1, 21, '', 2, 'outgo', -333, '', '2016-09-11', '2016-09-12 22:06:28', 2),
(330, 1, 21, '', 2, 'outgo', -98, '', '2016-09-12', '2016-09-12 22:06:45', 2),
(331, 1, 21, '', 2, 'outgo', -332, '', '2016-09-11', '2016-09-12 22:07:04', 2),
(332, 1, 21, '', 2, 'outgo', -48, '', '2016-09-09', '2016-09-12 22:07:43', 2),
(333, 1, 21, '', 2, 'outgo', -381, '', '2016-09-10', '2016-09-12 22:08:13', 2),
(334, 1, 21, '', 2, 'outgo', -398, '', '2016-09-11', '2016-09-12 22:08:29', 2),
(335, 2, 25, '', 1, 'outgo', -4039, 'Điện', '2016-09-06', '2016-09-12 22:08:30', 1),
(336, 1, 21, '', 2, 'outgo', -251, '', '2016-09-10', '2016-09-12 22:08:49', 2),
(337, 1, 21, '', 2, 'outgo', -2359, '', '2016-09-09', '2016-09-12 22:09:07', 2),
(338, 2, 25, '', 1, 'outgo', -6140, 'Nước', '2016-09-08', '2016-09-12 22:09:12', 1),
(339, 1, 21, '', 2, 'outgo', -246, '', '2016-09-12', '2016-09-12 22:09:52', 2),
(340, 1, 21, '', 2, 'outgo', -471, '', '2016-09-13', '2016-09-13 21:12:58', 1),
(341, 1, 21, '', 2, 'outgo', -105, '', '2016-09-14', '2016-09-14 19:42:12', 2),
(342, 1, 21, '', 2, 'outgo', -1583, '', '2016-09-14', '2016-09-14 19:42:25', 2),
(343, 1, 21, '', 2, 'outgo', -213, '', '2016-09-15', '2016-09-15 21:43:52', 2),
(344, 2, 1, '15f3b10ead9b7d4f86592cebbd9895f8', 2, 'drawer', -20000, '', '2016-09-15', '2016-09-15 21:47:33', 2),
(345, 1, 2, '15f3b10ead9b7d4f86592cebbd9895f8', 2, 'drawer', 20000, '', '2016-09-15', '2016-09-15 21:47:33', 2),
(346, 1, 21, '', 2, 'outgo', -117, '', '2016-09-15', '2016-09-15 23:00:50', 2),
(347, 1, 21, '', 2, 'outgo', -158, '', '2016-09-16', '2016-09-16 19:15:39', 2),
(348, 1, 21, '', 1, 'outgo', -900, '', '2016-09-16', '2016-09-16 19:35:46', 1),
(349, 1, 21, '', 2, 'outgo', -1816, '', '2016-09-16', '2016-09-16 19:36:27', 2),
(350, 2, 28, '', 2, 'outgo', -23153, '', '2016-09-26', '2016-09-17 05:50:19', 2),
(351, 1, 30, '', 2, 'outgo', -7707, 'Đt tháng 8', '2016-09-26', '2016-09-17 05:54:46', 2),
(352, 1, 21, '', 2, 'outgo', -4644, '', '2016-09-17', '2016-09-17 17:12:23', 1),
(353, 1, 21, '', 1, 'outgo', -259, '', '2016-09-17', '2016-09-17 17:24:13', 1),
(354, 1, 21, '', 1, 'outgo', -160, '', '2016-09-17', '2016-09-17 17:24:41', 1);

-- --------------------------------------------------------

--
-- テーブルの構造 `inout_types`
--

CREATE TABLE IF NOT EXISTS `inout_types` (
  `id` tinyint(1) unsigned NOT NULL AUTO_INCREMENT,
  `name` varchar(32) NOT NULL,
  PRIMARY KEY (`id`),
  UNIQUE KEY `name` (`name`)
) ENGINE=InnoDB  DEFAULT CHARSET=utf8 COMMENT='Chi tiết phân loại thu chi' AUTO_INCREMENT=3 ;

--
-- テーブルのデータのダンプ `inout_types`
--

INSERT INTO `inout_types` (`id`, `name`) VALUES
(2, 'Chi'),
(1, 'Thu');

-- --------------------------------------------------------

--
-- テーブルの構造 `settings`
--

CREATE TABLE IF NOT EXISTS `settings` (
  `item` varchar(128) NOT NULL,
  `name` varchar(128) NOT NULL,
  `value` varchar(512) NOT NULL,
  PRIMARY KEY (`item`)
) ENGINE=InnoDB DEFAULT CHARSET=utf8 COMMENT='lưu các thiết lập hệ thống';

--
-- テーブルのデータのダンプ `settings`
--

INSERT INTO `settings` (`item`, `name`, `value`) VALUES
('month_outgo_plans', 'Số tiền dự định chi trong tháng', '"70000"');

-- --------------------------------------------------------

--
-- テーブルの構造 `users`
--

CREATE TABLE IF NOT EXISTS `users` (
  `id` tinyint(4) NOT NULL AUTO_INCREMENT,
  `username` varchar(32) NOT NULL,
  `fullname` varchar(128) NOT NULL,
  `label` varchar(50) NOT NULL COMMENT 'Class HTML',
  `password` varchar(256) NOT NULL COMMENT 'sha512',
  `locked_on` datetime DEFAULT NULL,
  `lock_interval` int(11) NOT NULL COMMENT 'thời gian lock, giây',
  `login_attemps` int(11) NOT NULL,
  PRIMARY KEY (`id`),
  UNIQUE KEY `name` (`username`)
) ENGINE=InnoDB  DEFAULT CHARSET=utf8 AUTO_INCREMENT=3 ;

--
-- テーブルのデータのダンプ `users`
--

INSERT INTO `users` (`id`, `username`, `fullname`, `label`, `password`, `locked_on`, `lock_interval`, `login_attemps`) VALUES
(1, 'bach', 'Bách', 'label-info', '94bc0c204d0f1ed072f1b20fba90c698caaf70cbb5ec64d8538f8cc00c5dc287a90c654c91282265454c4d13e8b156fb2a296e253e3f546b3786193cbea19ecf', NULL, 0, 0),
(2, 'hiep', 'Hiệp', 'label-warning', '94bc0c204d0f1ed072f1b20fba90c698caaf70cbb5ec64d8538f8cc00c5dc287a90c654c91282265454c4d13e8b156fb2a296e253e3f546b3786193cbea19ecf', NULL, 0, 0);

--
-- ダンプしたテーブルの制約
--

--
-- テーブルの制約 `inout_records`
--
ALTER TABLE `inout_records`
  ADD CONSTRAINT `inout_records_ibfk_1` FOREIGN KEY (`account_id`) REFERENCES `accounts` (`id`) ON DELETE NO ACTION ON UPDATE CASCADE,
  ADD CONSTRAINT `inout_records_ibfk_2` FOREIGN KEY (`category_id`) REFERENCES `categories` (`id`) ON DELETE NO ACTION ON UPDATE CASCADE,
  ADD CONSTRAINT `inout_records_ibfk_3` FOREIGN KEY (`player`) REFERENCES `users` (`id`) ON DELETE NO ACTION ON UPDATE CASCADE,
  ADD CONSTRAINT `inout_records_ibfk_4` FOREIGN KEY (`created_by`) REFERENCES `users` (`id`) ON DELETE NO ACTION ON UPDATE CASCADE;

/*!40101 SET CHARACTER_SET_CLIENT=@OLD_CHARACTER_SET_CLIENT */;
/*!40101 SET CHARACTER_SET_RESULTS=@OLD_CHARACTER_SET_RESULTS */;
/*!40101 SET COLLATION_CONNECTION=@OLD_COLLATION_CONNECTION */;
